/*
SQLyog Ultimate v12.08 (32 bit)
MySQL - 8.0.18 : Database - vhr
*********************************************************************
*/


/*!40101 SET NAMES utf8 */;

/*!40101 SET SQL_MODE=''*/;

/*!40014 SET @OLD_UNIQUE_CHECKS=@@UNIQUE_CHECKS, UNIQUE_CHECKS=0 */;
/*!40014 SET @OLD_FOREIGN_KEY_CHECKS=@@FOREIGN_KEY_CHECKS, FOREIGN_KEY_CHECKS=0 */;
/*!40101 SET @OLD_SQL_MODE=@@SQL_MODE, SQL_MODE='NO_AUTO_VALUE_ON_ZERO' */;
/*!40111 SET @OLD_SQL_NOTES=@@SQL_NOTES, SQL_NOTES=0 */;

/*Table structure for table `adjustsalary` */

DROP TABLE IF EXISTS `adjustsalary`;

CREATE TABLE `adjustsalary` (
  `id` int(11) NOT NULL AUTO_INCREMENT,
  `eid` int(11) DEFAULT NULL,
  `asDate` date DEFAULT NULL COMMENT '调薪日期',
  `beforeSalary` int(11) DEFAULT NULL COMMENT '调前薪资',
  `afterSalary` int(11) DEFAULT NULL COMMENT '调后薪资',
  `reason` varchar(255) DEFAULT NULL COMMENT '调薪原因',
  `remark` varchar(255) DEFAULT NULL COMMENT '备注',
  PRIMARY KEY (`id`),
  KEY `pid` (`eid`),
  CONSTRAINT `adjustsalary_ibfk_1` FOREIGN KEY (`eid`) REFERENCES `employee` (`id`)
) ENGINE=InnoDB DEFAULT CHARSET=utf8;

/*Data for the table `adjustsalary` */

/*Table structure for table `appraise` */

DROP TABLE IF EXISTS `appraise`;

CREATE TABLE `appraise` (
  `id` int(11) NOT NULL AUTO_INCREMENT,
  `eid` int(11) DEFAULT NULL,
  `appDate` date DEFAULT NULL COMMENT '考评日期',
  `appResult` varchar(32) DEFAULT NULL COMMENT '考评结果',
  `appContent` varchar(255) DEFAULT NULL COMMENT '考评内容',
  `remark` varchar(255) DEFAULT NULL COMMENT '备注',
  PRIMARY KEY (`id`),
  KEY `pid` (`eid`),
  CONSTRAINT `appraise_ibfk_1` FOREIGN KEY (`eid`) REFERENCES `employee` (`id`)
) ENGINE=InnoDB DEFAULT CHARSET=utf8;
DROP TABLE IF EXISTS `mail_send_log`;

CREATE TABLE `mail_send_log` (
  `msgId` varchar(255) CHARACTER SET utf8mb4 COLLATE utf8mb4_general_ci DEFAULT NULL,
  `empId` int(11) DEFAULT NULL,
  `status` int(11) DEFAULT '0' COMMENT '0发送中，1发送成功，2发送失败',
  `routeKey` varchar(255) CHARACTER SET utf8mb4 COLLATE utf8mb4_general_ci DEFAULT NULL,
  `exchange` varchar(255) CHARACTER SET utf8mb4 COLLATE utf8mb4_general_ci DEFAULT NULL,
  `count` int(11) DEFAULT 0 COMMENT '重试次数',
  `tryTime` datetime DEFAULT NULL COMMENT '第一次重试时间',
  `createTime` datetime DEFAULT NULL,
  `updateTime` datetime DEFAULT NULL
) ENGINE=InnoDB DEFAULT CHARSET=utf8mb4 COLLATE=utf8mb4_general_ci;
/*Data for the table `appraise` */

/*Table structure for table `department` */

DROP TABLE IF EXISTS `department`;

CREATE TABLE `department` (
  `id` int(11) NOT NULL AUTO_INCREMENT,
  `name` varchar(32) DEFAULT NULL COMMENT '部门名称',
  `parentId` int(11) DEFAULT NULL,
  `depPath` varchar(255) DEFAULT NULL,
  `enabled` tinyint(1) DEFAULT '1',
  `isParent` tinyint(1) DEFAULT '0',
  PRIMARY KEY (`id`)
) ENGINE=InnoDB AUTO_INCREMENT=105 DEFAULT CHARSET=utf8;

/*Data for the table `department` */

insert  into `department`(`id`,`name`,`parentId`,`depPath`,`enabled`,`isParent`) values (1,'股东会',-1,'.1',1,1),(4,'董事会',1,'.1.4',1,1),(5,'总办',4,'.1.4.5',1,1),(8,'财务部',5,'.1.4.5.8',1,0),(78,'市场部',5,'.1.4.5.78',1,1),(81,'华北市场部',78,'.1.4.5.78.81',1,1),(82,'华南市场部',78,'.1.4.5.78.82',1,0),(85,'石家庄市场部',81,'.1.4.5.78.81.85',1,0),(86,'西北市场部',78,'.1.4.5.78.86',1,1),(87,'西安市场',86,'.1.4.5.78.86.87',1,1),(89,'莲湖区市场',87,'.1.4.5.78.86.87.89',1,0),(91,'技术部',5,'.1.4.5.91',1,0),(92,'运维部',5,'.1.4.5.92',1,1),(93,'运维1部',92,'.1.4.5.92.93',1,0),(94,'运维2部',92,'.1.4.5.92.94',1,0),(96,'bbb',1,'.1.96',1,1),(104,'111',96,'.1.96.104',1,0);

/*Table structure for table `employee` */

DROP TABLE IF EXISTS `employee`;

CREATE TABLE `employee` (
  `id` int(11) NOT NULL AUTO_INCREMENT COMMENT '员工编号',
  `name` varchar(10) DEFAULT NULL COMMENT '员工姓名',
  `gender` char(4) DEFAULT NULL COMMENT '性别',
  `birthday` date DEFAULT NULL COMMENT '出生日期',
  `idCard` char(18) DEFAULT NULL COMMENT '身份证号',
  `wedlock` enum('已婚','未婚','离异') DEFAULT NULL COMMENT '婚姻状况',
  `nationId` int(8) DEFAULT NULL COMMENT '民族',
  `nativePlace` varchar(20) DEFAULT NULL COMMENT '籍贯',
  `politicId` int(8) DEFAULT NULL COMMENT '政治面貌',
  `email` varchar(20) DEFAULT NULL COMMENT '邮箱',
  `phone` varchar(11) DEFAULT NULL COMMENT '电话号码',
  `address` varchar(64) DEFAULT NULL COMMENT '联系地址',
  `departmentId` int(11) DEFAULT NULL COMMENT '所属部门',
  `jobLevelId` int(11) DEFAULT NULL COMMENT '职称ID',
  `posId` int(11) DEFAULT NULL COMMENT '职位ID',
  `engageForm` varchar(8) DEFAULT NULL COMMENT '聘用形式',
  `tiptopDegree` enum('博士','硕士','本科','大专','高中','初中','小学','其他') DEFAULT NULL COMMENT '最高学历',
  `specialty` varchar(32) DEFAULT NULL COMMENT '所属专业',
  `school` varchar(32) DEFAULT NULL COMMENT '毕业院校',
  `beginDate` date DEFAULT NULL COMMENT '入职日期',
  `workState` enum('在职','离职') DEFAULT '在职' COMMENT '在职状态',
  `workID` char(8) DEFAULT NULL COMMENT '工号',
  `contractTerm` double DEFAULT NULL COMMENT '合同期限',
  `conversionTime` date DEFAULT NULL COMMENT '转正日期',
  `notWorkDate` date DEFAULT NULL COMMENT '离职日期',
  `beginContract` date DEFAULT NULL COMMENT '合同起始日期',
  `endContract` date DEFAULT NULL COMMENT '合同终止日期',
  `workAge` int(11) DEFAULT NULL COMMENT '工龄',
  PRIMARY KEY (`id`),
  KEY `departmentId` (`departmentId`),
  KEY `jobId` (`jobLevelId`),
  KEY `dutyId` (`posId`),
  KEY `nationId` (`nationId`),
  KEY `politicId` (`politicId`),
  KEY `workID_key` (`workID`),
  CONSTRAINT `employee_ibfk_1` FOREIGN KEY (`departmentId`) REFERENCES `department` (`id`),
  CONSTRAINT `employee_ibfk_2` FOREIGN KEY (`jobLevelId`) REFERENCES `joblevel` (`id`),
  CONSTRAINT `employee_ibfk_3` FOREIGN KEY (`posId`) REFERENCES `position` (`id`),
  CONSTRAINT `employee_ibfk_4` FOREIGN KEY (`nationId`) REFERENCES `nation` (`id`),
  CONSTRAINT `employee_ibfk_5` FOREIGN KEY (`politicId`) REFERENCES `politicsstatus` (`id`)
) ENGINE=InnoDB AUTO_INCREMENT=1942 DEFAULT CHARSET=utf8;

/*Data for the table `employee` */

insert  into `employee`(`id`,`name`,`gender`,`birthday`,`idCard`,`wedlock`,`nationId`,`nativePlace`,`politicId`,`email`,`phone`,`address`,`departmentId`,`jobLevelId`,`posId`,`engageForm`,`tiptopDegree`,`specialty`,`school`,`beginDate`,`workState`,`workID`,`contractTerm`,`conversionTime`,`notWorkDate`,`beginContract`,`endContract`,`workAge`) values (1,'江南一点雨','男','1990-01-01','610122199001011256','已婚',1,'陕西',13,'laowang@qq.com','18565558897','深圳市南山区',5,9,29,'劳务合同','本科','信息管理与信息系统','深圳大学','2018-01-01','在职','00000001',2,'2018-04-01',NULL,'2018-01-01','2020-01-01',NULL),(2,'陈静','女','1989-02-01','421288198902011234','已婚',1,'海南',1,'chenjing@qq.com','18795556693','海南省海口市美兰区',91,12,29,'劳动合同','高中','市场营销','武汉大学','2015-06-09','在职','00000002',3,'2015-09-10',NULL,'2015-06-09','2018-06-08',NULL),(3,'赵琳浩','男','1993-03-04','610122199303041456','未婚',1,'陕西',3,'zhao@qq.com','15698887795','陕西省西安市莲湖区',91,12,33,'劳动合同','博士','电子工程','哈尔滨理工大学','2018-01-01','在职','00000003',3.5,'2018-04-01',NULL,'2018-01-01','2021-07-14',NULL),(4,'鹿存亮','男','1990-01-03','610122199001031456','已婚',1,'陕西',3,'zhao@qq.com','15612347795','陕西省西安市莲湖区',92,12,34,'劳动合同','高中','电子工程','哈尔滨理工大学','2018-01-01','在职','00000004',3.5,'2018-04-01',NULL,'2018-01-01','2021-07-14',NULL),(5,'姚森','男','1991-02-05','610122199102058952','已婚',1,'河南',3,'yaosen@qq.com','14785559936','河南洛阳人民大道58号',92,15,34,'劳动合同','硕士','室内装修设计','西北大学','2017-01-02','在职','00000005',7,'2017-04-02',NULL,'2017-01-02','2024-01-17',NULL),(6,'云星','女','1993-01-05','610122199301054789','已婚',1,'陕西西安',1,'yunxing@qq.com','15644442252','陕西西安新城区',92,16,34,'劳务合同','硕士','通信工程','西安电子科技学校','2018-01-01','在职','00000006',5.25,'2018-04-01',NULL,'2018-01-01','2023-04-13',NULL),(7,'贾旭明','男','1993-11-11','610122199311111234','已婚',1,'广东广州',4,'jiaxuming@qq.com','15644441234','广东省广州市天河区冼村路',78,15,33,'劳务合同','初中','通信工程','西北大学','2018-01-01','在职','00000007',5.25,'2018-04-01',NULL,'2018-01-01','2023-04-13',NULL),(8,'张黎明','男','1991-02-01','610144199102014569','已婚',1,'广东',6,'zhangliming@qq.com','18979994478','广东珠海',91,15,33,'劳动合同','高中','考古','清华大学','2018-01-01','在职','00000008',7,'2018-04-01',NULL,'2018-01-01','2025-01-30',NULL),(9,'薛磊','男','1992-07-01','610144199207017895','已婚',1,'陕西西安',13,'xuelei@qq.com','15648887741','西安市雁塔区',92,14,34,'劳动合同','初中','无','华胥中学','2018-01-01','在职','00000009',6,'2018-04-01',NULL,'2018-01-01','2024-01-17',NULL),(10,'张洁','女','1990-10-09','420177199010093652','未婚',1,'海南',5,'zhangjie@qq.com','13695557742','海口市美兰区',92,16,34,'劳动合同','高中','无','海南侨中','2018-01-01','在职','00000010',1,'2018-01-31',NULL,'2018-01-01','2019-01-01',NULL),(11,'江南一点雨2','男','1990-01-01','610122199001011256','已婚',1,'陕西',13,'laowang@qq.com','18565558897','深圳市南山区',91,9,29,'劳动合同','本科','信息管理与信息系统','深圳大学','2018-01-01','在职','00000011',1,'2018-04-01',NULL,'2018-01-01','2019-01-01',NULL),(12,'陈静2','女','1989-02-01','421288198902011234','已婚',1,'海南',1,'chenjing@qq.com','18795556693','海南省海口市美兰区',82,12,30,'劳动合同','高中','市场营销','武汉大学','2015-06-09','在职','00000012',3,'2015-09-10',NULL,'2015-06-09','2018-06-08',NULL),(13,'赵琳浩2','男','1993-03-04','610122199303041456','未婚',1,'陕西',3,'zhao@qq.com','15698887795','陕西省西安市莲湖区',91,12,33,'劳动合同','博士','电子工程','哈尔滨理工大学','2018-01-01','在职','00000013',3.5,'2018-04-01',NULL,'2018-01-01','2021-07-14',NULL),(14,'鹿存亮2','男','1990-01-03','610122199001031456','已婚',1,'陕西',3,'zhao@qq.com','15612347795','陕西省西安市莲湖区',92,12,34,'劳动合同','高中','电子工程','哈尔滨理工大学','2018-01-01','在职','00000014',3.5,'2018-04-01',NULL,'2018-01-01','2021-07-14',NULL),(15,'姚森2','男','1991-02-05','610122199102058952','已婚',1,'河南',3,'yaosen@qq.com','14785559936','河南洛阳人民大道58号',92,15,34,'劳动合同','初中','室内装修设计','西北大学','2017-01-02','在职','00000015',7,'2017-04-02',NULL,'2017-01-02','2024-01-17',NULL),(16,'云星2','女','1993-01-05','610122199301054789','已婚',1,'陕西西安',1,'yunxing@qq.com','15644442252','陕西西安新城区',92,16,34,'劳务合同','硕士','通信工程','西安电子科技学校','2018-01-01','在职','00000016',5.25,'2018-04-01',NULL,'2018-01-01','2023-04-13',NULL),(17,'贾旭明2','男','1993-11-11','610122199311111234','已婚',1,'广东广州',4,'jiaxuming@qq.com','15644441234','广东省广州市天河区冼村路',78,15,33,'劳务合同','初中','通信工程','西北大学','2018-01-01','在职','00000017',5.25,'2018-04-01',NULL,'2018-01-01','2023-04-13',NULL),(18,'王一亭','男','1991-02-01','610144199102014569','已婚',1,'广东',6,'zhangliming@qq.com','18979994478','广东珠海',91,15,33,'劳动合同','高中','考古','清华大学','2018-01-01','在职','00000018',7,'2018-04-01',NULL,'2018-01-01','2025-01-30',NULL),(19,'薛磊2','男','1992-07-01','610144199207017895','已婚',1,'陕西西安',13,'xuelei@qq.com','15648887741','西安市雁塔区',92,14,34,'劳动合同','初中','无','华胥中学','2018-01-01','在职','00000019',1,'2018-04-01',NULL,'2018-01-01','2019-01-01',NULL),(20,'张洁2','女','1990-10-09','420177199010093652','未婚',1,'海南',5,'zhangjie@qq.com','13695557742','海口市美兰区',92,16,34,'劳动合同','高中','无','海南侨中','2018-01-01','在职','00000020',1,'2018-01-31',NULL,'2018-01-01','2019-01-01',NULL),(21,'江南一点雨3','男','1990-01-01','610122199001011256','已婚',1,'陕西',13,'laowang@qq.com','18565558897','深圳市南山区',8,9,29,'劳动合同','本科','信息管理与信息系统','深圳大学','2018-01-01','在职','00000021',1,'2018-04-01',NULL,'2018-01-01','2019-01-01',NULL),(22,'陈静3','女','1989-02-01','421288198902011234','已婚',1,'海南',1,'chenjing@qq.com','18795556693','海南省海口市美兰区',82,12,30,'劳动合同','高中','市场营销','武汉大学','2015-06-09','在职','00000022',3,'2015-09-10',NULL,'2015-06-09','2018-06-08',NULL),(24,'鹿存亮3','男','1990-01-03','610122199001031456','已婚',1,'陕西',3,'zhao@qq.com','15612347795','陕西省西安市莲湖区',92,12,34,'劳动合同','高中','电子工程','哈尔滨理工大学','2018-01-01','在职','00000024',3.5,'2018-04-01',NULL,'2018-01-01','2021-07-14',NULL),(25,'姚森3','男','1991-02-05','610122199102058952','已婚',1,'河南',3,'yaosen@qq.com','14785559936','河南洛阳人民大道58号',92,15,34,'劳动合同','初中','室内装修设计','西北大学','2017-01-02','在职','00000025',7,'2017-04-02',NULL,'2017-01-02','2024-01-17',NULL),(26,'云星3','女','1993-01-05','610122199301054789','已婚',1,'陕西西安',1,'yunxing@qq.com','15644442252','陕西西安新城区',92,16,34,'劳务合同','硕士','通信工程','西安电子科技学校','2018-01-01','在职','00000026',5.25,'2018-04-01',NULL,'2018-01-01','2023-04-13',NULL),(27,'贾旭明3','男','1993-11-11','610122199311111234','已婚',1,'广东广州',4,'jiaxuming@qq.com','15644441234','广东省广州市天河区冼村路',78,15,33,'劳务合同','初中','通信工程','西北大学','2018-01-01','在职','00000027',5.25,'2018-04-01',NULL,'2018-01-01','2023-04-13',NULL),(28,'张黎明3','男','1991-02-01','610144199102014569','已婚',1,'广东',6,'zhangliming@qq.com','18979994478','广东珠海',91,15,33,'劳动合同','高中','考古','清华大学','2018-01-01','在职','00000028',7,'2018-04-01',NULL,'2018-01-01','2025-01-30',NULL),(29,'薛磊3','男','1992-07-01','610144199207017895','已婚',1,'陕西西安',13,'xuelei@qq.com','15648887741','西安市雁塔区',92,14,34,'劳动合同','初中','无','华胥中学','2018-01-01','在职','00000029',6,'2018-04-01',NULL,'2018-01-01','2024-01-17',NULL),(31,'江南一点雨4','男','1990-01-01','610122199001011256','已婚',1,'陕西',13,'laowang@qq.com','18565558897','深圳市南山区',8,9,29,'劳动合同','本科','信息管理与信息系统','深圳大学','2018-01-01','在职','00000031',1,'2018-04-01',NULL,'2018-01-01','2019-01-01',NULL),(32,'陈静4','女','1989-02-01','421288198902011234','已婚',1,'海南',1,'chenjing@qq.com','18795556693','海南省海口市美兰区',82,12,30,'劳动合同','高中','市场营销','武汉大学','2015-06-09','在职','00000032',3,'2015-09-10',NULL,'2015-06-09','2018-06-08',NULL),(33,'赵琳浩4','男','1993-03-04','610122199303041456','未婚',1,'陕西',3,'zhao@qq.com','15698887795','陕西省西安市莲湖区',91,12,33,'劳动合同','博士','电子工程','哈尔滨理工大学','2018-01-01','在职','00000033',3.5,'2018-04-01',NULL,'2018-01-01','2021-07-14',NULL),(34,'鹿存亮4','男','1990-01-03','610122199001031456','已婚',1,'陕西',3,'zhao@qq.com','15612347795','陕西省西安市莲湖区',92,12,34,'劳动合同','高中','电子工程','哈尔滨理工大学','2018-01-01','在职','00000034',3.5,'2018-04-01',NULL,'2018-01-01','2021-07-14',NULL),(35,'姚森4','男','1991-02-05','610122199102058952','已婚',1,'河南',3,'yaosen@qq.com','14785559936','河南洛阳人民大道58号',92,15,34,'劳动合同','初中','室内装修设计','西北大学','2017-01-02','在职','00000035',7,'2017-04-02',NULL,'2017-01-02','2024-01-17',NULL),(36,'云星4','女','1993-01-05','610122199301054789','已婚',1,'陕西西安',1,'yunxing@qq.com','15644442252','陕西西安新城区',92,16,34,'劳务合同','硕士','通信工程','西安电子科技学校','2018-01-01','在职','00000036',5.25,'2018-04-01',NULL,'2018-01-01','2023-04-13',NULL),(37,'贾旭明4','男','1993-11-11','610122199311111234','已婚',1,'广东广州',4,'jiaxuming@qq.com','15644441234','广东省广州市天河区冼村路',78,15,33,'劳务合同','初中','通信工程','西北大学','2018-01-01','在职','00000037',5.25,'2018-04-01',NULL,'2018-01-01','2023-04-13',NULL),(38,'张黎明2','男','1991-02-01','610144199102014569','已婚',1,'广东',6,'zhangliming@qq.com','18979994478','广东珠海',91,15,33,'劳动合同','高中','考古','清华大学','2018-01-01','在职','00000038',7,'2018-04-01',NULL,'2018-01-01','2025-01-30',NULL),(39,'薛磊4','男','1992-07-01','610144199207017895','已婚',1,'陕西西安',13,'xuelei@qq.com','15648887741','西安市雁塔区',92,14,34,'劳动合同','初中','无','华胥中学','2018-01-01','在职','00000039',6,'2018-04-01',NULL,'2018-01-01','2024-01-17',NULL),(40,'张洁4','女','1990-10-09','420177199010093652','未婚',1,'海南',5,'zhangjie@qq.com','13695557742','海口市美兰区',92,16,34,'劳动合同','高中','无','海南侨中','2018-01-01','在职','00000040',1,'2018-01-31',NULL,'2018-01-01','2019-01-01',NULL),(41,'江南一点雨5','男','1990-01-01','610122199001011256','已婚',1,'陕西',13,'laowang@qq.com','18565558897','深圳市南山区',8,9,29,'劳动合同','本科','信息管理与信息系统','深圳大学','2018-01-01','在职','00000041',1,'2018-04-01',NULL,'2018-01-01','2019-01-01',NULL),(42,'陈静5','女','1989-02-01','421288198902011234','已婚',1,'海南',1,'chenjing@qq.com','18795556693','海南省海口市美兰区',82,12,30,'劳动合同','高中','市场营销','武汉大学','2015-06-09','在职','00000042',3,'2015-09-10',NULL,'2015-06-09','2018-06-08',NULL),(43,'赵琳浩5','男','1993-03-04','610122199303041456','未婚',1,'陕西',3,'zhao@qq.com','15698887795','陕西省西安市莲湖区',91,12,33,'劳动合同','博士','电子工程','哈尔滨理工大学','2018-01-01','在职','00000043',3.5,'2018-04-01',NULL,'2018-01-01','2021-07-14',NULL),(44,'鹿存亮5','男','1990-01-03','610122199001031456','已婚',1,'陕西',3,'zhao@qq.com','15612347795','陕西省西安市莲湖区',92,12,34,'劳动合同','高中','电子工程','哈尔滨理工大学','2018-01-01','在职','00000044',3.5,'2018-04-01',NULL,'2018-01-01','2021-07-14',NULL),(45,'姚森5','男','1991-02-05','610122199102058952','已婚',1,'河南',3,'yaosen@qq.com','14785559936','河南洛阳人民大道58号',92,15,34,'劳动合同','初中','室内装修设计','西北大学','2017-01-02','在职','00000045',7,'2017-04-02',NULL,'2017-01-02','2024-01-17',NULL),(46,'云星5','女','1993-01-05','610122199301054789','已婚',1,'陕西西安',1,'yunxing@qq.com','15644442252','陕西西安新城区',92,16,34,'劳务合同','硕士','通信工程','西安电子科技学校','2018-01-01','在职','00000046',5.25,'2018-04-01',NULL,'2018-01-01','2023-04-13',NULL),(47,'贾旭明5','男','1993-11-11','610122199311111234','已婚',1,'广东广州',4,'jiaxuming@qq.com','15644441234','广东省广州市天河区冼村路',78,15,33,'劳务合同','初中','通信工程','西北大学','2018-01-01','在职','00000047',5.25,'2018-04-01',NULL,'2018-01-01','2023-04-13',NULL),(48,'张黎明5','男','1991-02-01','610144199102014569','已婚',1,'广东',6,'zhangliming@qq.com','18979994478','广东珠海',91,15,33,'劳动合同','高中','考古','清华大学','2018-01-01','在职','00000048',7,'2018-04-01',NULL,'2018-01-01','2025-01-30',NULL),(49,'薛磊5','男','1992-07-01','610144199207017895','已婚',1,'陕西西安',13,'xuelei@qq.com','15648887741','西安市雁塔区',92,14,34,'劳动合同','初中','无','华胥中学','2018-01-01','在职','00000049',6,'2018-04-01',NULL,'2018-01-01','2024-01-17',NULL),(50,'张洁5','女','1990-10-09','420177199010093652','未婚',1,'海南',5,'zhangjie@qq.com','13695557742','海口市美兰区',92,16,34,'劳动合同','高中','无','海南侨中','2018-01-01','在职','00000050',1,'2018-01-31',NULL,'2018-01-01','2019-01-01',NULL),(51,'江南一点雨6','男','1990-01-01','610122199001011256','已婚',1,'陕西',13,'laowang@qq.com','18565558897','深圳市南山区',8,9,29,'劳动合同','本科','信息管理与信息系统','深圳大学','2018-01-01','在职','00000051',1,'2018-04-01',NULL,'2018-01-01','2019-01-01',NULL),(52,'陈静6','女','1989-02-01','421288198902011234','已婚',1,'海南',1,'chenjing@qq.com','18795556693','海南省海口市美兰区',82,12,30,'劳动合同','高中','市场营销','武汉大学','2015-06-09','在职','00000052',3,'2015-09-10',NULL,'2015-06-09','2018-06-08',NULL),(53,'赵琳浩6','男','1993-03-04','610122199303041456','未婚',1,'陕西',3,'zhao@qq.com','15698887795','陕西省西安市莲湖区',91,12,33,'劳动合同','博士','电子工程','哈尔滨理工大学','2018-01-01','在职','00000053',3.5,'2018-04-01',NULL,'2018-01-01','2021-07-14',NULL),(54,'鹿存亮6','男','1990-01-03','610122199001031456','已婚',1,'陕西',3,'zhao@qq.com','15612347795','陕西省西安市莲湖区',92,12,34,'劳动合同','高中','电子工程','哈尔滨理工大学','2018-01-01','在职','00000054',3.5,'2018-04-01',NULL,'2018-01-01','2021-07-14',NULL),(55,'姚森6','男','1991-02-05','610122199102058952','已婚',1,'河南',3,'yaosen@qq.com','14785559936','河南洛阳人民大道58号',92,15,34,'劳动合同','初中','室内装修设计','西北大学','2017-01-02','在职','00000055',7,'2017-04-02',NULL,'2017-01-02','2024-01-17',NULL),(56,'云星6','女','1993-01-05','610122199301054789','已婚',1,'陕西西安',1,'yunxing@qq.com','15644442252','陕西西安新城区',92,16,34,'劳务合同','硕士','通信工程','西安电子科技学校','2018-01-01','在职','00000056',5.25,'2018-04-01',NULL,'2018-01-01','2023-04-13',NULL),(1351,'江南一点雨','男','1990-01-01','610122199001011256','已婚',1,'陕西',13,'laowang@qq.com','18565558897','深圳市南山区',8,9,29,'劳动合同','本科','信息管理与信息系统','深圳大学','2018-01-01','在职','00000001',1,NULL,NULL,'2018-01-01','2019-01-01',NULL),(1352,'陈静','女','1989-02-01','421288198902011234','已婚',1,'海南',1,'chenjing@qq.com','18795556693','海南省海口市美兰区',82,12,30,'劳动合同','高中','市场营销','武汉大学','2015-06-09','在职','00000002',3,NULL,NULL,'2015-06-09','2018-06-08',NULL),(1353,'赵琳浩','男','1993-03-04','610122199303041456','未婚',1,'陕西',3,'zhao@qq.com','15698887795','陕西省西安市莲湖区',91,12,33,'劳动合同','博士','电子工程','哈尔滨理工大学','2018-01-01','在职','00000003',3.5,NULL,NULL,'2018-01-01','2021-07-14',NULL),(1354,'鹿存亮','男','1990-01-03','610122199001031456','已婚',1,'陕西',3,'zhao@qq.com','15612347795','陕西省西安市莲湖区',92,12,34,'劳动合同','高中','电子工程','哈尔滨理工大学','2018-01-01','在职','00000004',3.5,NULL,NULL,'2018-01-01','2021-07-14',NULL),(1355,'姚森','男','1991-02-05','610122199102058952','已婚',1,'河南',3,'yaosen@qq.com','14785559936','河南洛阳人民大道58号',92,15,34,'劳动合同','初中','室内装修设计','西北大学','2017-01-02','在职','00000005',7,NULL,NULL,'2017-01-02','2024-01-17',NULL),(1357,'贾旭明','男','1993-11-11','610122199311111234','已婚',1,'广东广州',4,'jiaxuming@qq.com','15644441234','广东省广州市天河区冼村路',78,15,33,'劳务合同','初中','通信工程','西北大学','2018-01-01','在职','00000007',5.25,NULL,NULL,'2018-01-01','2023-04-13',NULL),(1358,'张黎明','男','1991-02-01','610144199102014569','已婚',1,'广东',6,'zhangliming@qq.com','18979994478','广东珠海',91,15,33,'劳动合同','高中','考古','清华大学','2018-01-01','在职','00000008',7,NULL,NULL,'2018-01-01','2025-01-30',NULL),(1359,'薛磊','男','1992-07-01','610144199207017895','已婚',1,'陕西西安',13,'xuelei@qq.com','15648887741','西安市雁塔区',92,14,34,'劳动合同','初中','无','华胥中学','2018-01-01','在职','00000009',6,NULL,NULL,'2018-01-01','2024-01-17',NULL),(1360,'张洁','女','1990-10-09','420177199010093652','未婚',1,'海南',5,'zhangjie@qq.com','13695557742','海口市美兰区',92,16,34,'劳动合同','高中','无','海南侨中','2018-01-01','在职','00000010',1,NULL,NULL,'2018-01-01','2019-01-01',NULL),(1361,'江南一点雨2','男','1990-01-01','610122199001011256','已婚',1,'陕西',13,'laowang@qq.com','18565558897','深圳市南山区',8,9,29,'劳动合同','本科','信息管理与信息系统','深圳大学','2018-01-01','在职','00000011',1,NULL,NULL,'2018-01-01','2019-01-01',NULL),(1362,'陈静2','女','1989-02-01','421288198902011234','已婚',1,'海南',1,'chenjing@qq.com','18795556693','海南省海口市美兰区',82,12,30,'劳动合同','高中','市场营销','武汉大学','2015-06-09','在职','00000012',3,NULL,NULL,'2015-06-09','2018-06-08',NULL),(1363,'赵琳浩2','男','1993-03-04','610122199303041456','未婚',1,'陕西',3,'zhao@qq.com','15698887795','陕西省西安市莲湖区',91,12,33,'劳动合同','博士','电子工程','哈尔滨理工大学','2018-01-01','在职','00000013',3.5,NULL,NULL,'2018-01-01','2021-07-14',NULL),(1364,'鹿存亮2','男','1990-01-03','610122199001031456','已婚',1,'陕西',3,'zhao@qq.com','15612347795','陕西省西安市莲湖区',92,12,34,'劳动合同','高中','电子工程','哈尔滨理工大学','2018-01-01','在职','00000014',3.5,NULL,NULL,'2018-01-01','2021-07-14',NULL),(1365,'姚森2','男','1991-02-05','610122199102058952','已婚',1,'河南',3,'yaosen@qq.com','14785559936','河南洛阳人民大道58号',92,15,34,'劳动合同','初中','室内装修设计','西北大学','2017-01-02','在职','00000015',7,NULL,NULL,'2017-01-02','2024-01-17',NULL),(1366,'云星2','女','1993-01-05','610122199301054789','已婚',1,'陕西西安',1,'yunxing@qq.com','15644442252','陕西西安新城区',92,16,34,'劳务合同','硕士','通信工程','西安电子科技学校','2018-01-01','在职','00000016',5.25,NULL,NULL,'2018-01-01','2023-04-13',NULL),(1367,'贾旭明2','男','1993-11-11','610122199311111234','已婚',1,'广东广州',4,'jiaxuming@qq.com','15644441234','广东省广州市天河区冼村路',78,15,33,'劳务合同','初中','通信工程','西北大学','2018-01-01','在职','00000017',5.25,NULL,NULL,'2018-01-01','2023-04-13',NULL),(1368,'王一亭','男','1991-02-01','610144199102014569','已婚',1,'广东',6,'zhangliming@qq.com','18979994478','广东珠海',91,15,33,'劳动合同','高中','考古','清华大学','2018-01-01','在职','00000018',7,NULL,NULL,'2018-01-01','2025-01-30',NULL),(1369,'薛磊2','男','1992-07-01','610144199207017895','已婚',1,'陕西西安',13,'xuelei@qq.com','15648887741','西安市雁塔区',92,14,34,'劳动合同','初中','无','华胥中学','2018-01-01','在职','00000019',1,NULL,NULL,'2018-01-01','2019-01-01',NULL),(1370,'张洁2','女','1990-10-09','420177199010093652','未婚',1,'海南',5,'zhangjie@qq.com','13695557742','海口市美兰区',92,16,34,'劳动合同','高中','无','海南侨中','2018-01-01','在职','00000020',1,NULL,NULL,'2018-01-01','2019-01-01',NULL),(1371,'江南一点雨3','男','1990-01-01','610122199001011256','已婚',1,'陕西',13,'laowang@qq.com','18565558897','深圳市南山区',8,9,29,'劳动合同','本科','信息管理与信息系统','深圳大学','2018-01-01','在职','00000021',1,NULL,NULL,'2018-01-01','2019-01-01',NULL),(1372,'陈静3','女','1989-02-01','421288198902011234','已婚',1,'海南',1,'chenjing@qq.com','18795556693','海南省海口市美兰区',82,12,30,'劳动合同','高中','市场营销','武汉大学','2015-06-09','在职','00000022',3,NULL,NULL,'2015-06-09','2018-06-08',NULL),(1373,'鹿存亮3','男','1990-01-03','610122199001031456','已婚',1,'陕西',3,'zhao@qq.com','15612347795','陕西省西安市莲湖区',92,12,34,'劳动合同','高中','电子工程','哈尔滨理工大学','2018-01-01','在职','00000024',3.5,NULL,NULL,'2018-01-01','2021-07-14',NULL),(1374,'姚森3','男','1991-02-05','610122199102058952','已婚',1,'河南',3,'yaosen@qq.com','14785559936','河南洛阳人民大道58号',92,15,34,'劳动合同','初中','室内装修设计','西北大学','2017-01-02','在职','00000025',7,NULL,NULL,'2017-01-02','2024-01-17',NULL),(1375,'云星3','女','1993-01-05','610122199301054789','已婚',1,'陕西西安',1,'yunxing@qq.com','15644442252','陕西西安新城区',92,16,34,'劳务合同','硕士','通信工程','西安电子科技学校','2018-01-01','在职','00000026',5.25,NULL,NULL,'2018-01-01','2023-04-13',NULL),(1376,'贾旭明3','男','1993-11-11','610122199311111234','已婚',1,'广东广州',4,'jiaxuming@qq.com','15644441234','广东省广州市天河区冼村路',78,15,33,'劳务合同','初中','通信工程','西北大学','2018-01-01','在职','00000027',5.25,NULL,NULL,'2018-01-01','2023-04-13',NULL),(1377,'张黎明3','男','1991-02-01','610144199102014569','已婚',1,'广东',6,'zhangliming@qq.com','18979994478','广东珠海',91,15,33,'劳动合同','高中','考古','清华大学','2018-01-01','在职','00000028',7,NULL,NULL,'2018-01-01','2025-01-30',NULL),(1378,'薛磊3','男','1992-07-01','610144199207017895','已婚',1,'陕西西安',13,'xuelei@qq.com','15648887741','西安市雁塔区',92,14,34,'劳动合同','初中','无','华胥中学','2018-01-01','在职','00000029',6,NULL,NULL,'2018-01-01','2024-01-17',NULL),(1379,'江南一点雨4','男','1990-01-01','610122199001011256','已婚',1,'陕西',13,'laowang@qq.com','18565558897','深圳市南山区',8,9,29,'劳动合同','本科','信息管理与信息系统','深圳大学','2018-01-01','在职','00000031',1,NULL,NULL,'2018-01-01','2019-01-01',NULL),(1380,'陈静4','女','1989-02-01','421288198902011234','已婚',1,'海南',1,'chenjing@qq.com','18795556693','海南省海口市美兰区',82,12,30,'劳动合同','高中','市场营销','武汉大学','2015-06-09','在职','00000032',3,NULL,NULL,'2015-06-09','2018-06-08',NULL),(1381,'赵琳浩4','男','1993-03-04','610122199303041456','未婚',1,'陕西',3,'zhao@qq.com','15698887795','陕西省西安市莲湖区',91,12,33,'劳动合同','博士','电子工程','哈尔滨理工大学','2018-01-01','在职','00000033',3.5,NULL,NULL,'2018-01-01','2021-07-14',NULL),(1382,'鹿存亮4','男','1990-01-03','610122199001031456','已婚',1,'陕西',3,'zhao@qq.com','15612347795','陕西省西安市莲湖区',92,12,34,'劳动合同','高中','电子工程','哈尔滨理工大学','2018-01-01','在职','00000034',3.5,NULL,NULL,'2018-01-01','2021-07-14',NULL),(1383,'姚森4','男','1991-02-05','610122199102058952','已婚',1,'河南',3,'yaosen@qq.com','14785559936','河南洛阳人民大道58号',92,15,34,'劳动合同','初中','室内装修设计','西北大学','2017-01-02','在职','00000035',7,NULL,NULL,'2017-01-02','2024-01-17',NULL),(1384,'云星4','女','1993-01-05','610122199301054789','已婚',1,'陕西西安',1,'yunxing@qq.com','15644442252','陕西西安新城区',92,16,34,'劳务合同','硕士','通信工程','西安电子科技学校','2018-01-01','在职','00000036',5.25,NULL,NULL,'2018-01-01','2023-04-13',NULL),(1385,'贾旭明4','男','1993-11-11','610122199311111234','已婚',1,'广东广州',4,'jiaxuming@qq.com','15644441234','广东省广州市天河区冼村路',78,15,33,'劳务合同','初中','通信工程','西北大学','2018-01-01','在职','00000037',5.25,NULL,NULL,'2018-01-01','2023-04-13',NULL),(1411,'谢工','女','1970-01-01','618177197001011234','离异',1,'江苏',1,'584991843@qq.com','18558887788','北京',91,12,29,'劳动合同','本科','计算机软件','南华大学','2018-01-01','在职','00000038',5,'2019-01-01',NULL,'2018-01-01','2023-01-01',NULL),(1412,'林昭亮','男','1990-01-01','610122199809091234','已婚',1,'广东',13,'584991843@qq.com','16767776654','广东深圳',91,15,33,'劳动合同','大专','计算机软件','广东职业技术学院','2018-01-01','在职','00000039',5,'2018-04-01',NULL,'2018-01-01','2023-01-01',NULL),(1413,'11','男','2018-01-01','610122201801011234','已婚',1,'1',1,'584991843@qq.com','111','1',89,9,29,'劳动合同','本科','1','1','2018-01-01','在职','00000040',4,'2018-04-01',NULL,'2018-01-01','2022-01-26',NULL),(1414,'1','男','2018-01-01','610188199809091234','已婚',1,'1',1,'584991843@qq.com','1','1',89,9,29,'劳动合同','大专','1','1','2018-01-31','在职','00000041',1,'2018-01-31',NULL,'2018-01-31','2019-01-31',NULL),(1415,'1','男','2018-01-01','610122199909090000','已婚',1,'1',1,'584991843@qq.com','1','1',78,9,29,'劳动合同','大专','1','1','2018-01-31','在职','00000042',1,'2018-01-31',NULL,'2018-01-31','2019-01-31',NULL),(1416,'1','男','2018-01-01','610122199909090000','已婚',1,'1',1,'584991843@qq.com','1','1',81,9,29,'劳动合同','大专','1','1','2018-01-31','在职','00000043',0,'2018-01-31',NULL,'2018-01-31','2018-01-31',NULL),(1417,'1','男','2018-01-01','610122199909099999','已婚',1,'1',1,'584991843@qq.com','1','1',87,9,29,'劳动合同','大专','1','1','2018-01-01','在职','00000044',0,'2018-01-01',NULL,'2018-01-01','2018-01-31',NULL),(1418,'1','男','2018-01-01','610122199909099999','已婚',1,'1',1,'584991843@qq.com','1','1',78,9,29,'劳动合同','大专','1','1','2018-01-01','在职','00000045',0,'2018-01-01',NULL,'2018-01-01','2018-01-31',NULL),(1419,'林伯渠','男','2018-01-01','610122199909099999','未婚',1,'1',1,'584991843@qq.com','1','1',8,9,29,'劳动合同','大专','1','1','2018-01-31','在职','00000046',0,'2018-01-31',NULL,'2018-01-31','2018-01-31',NULL),(1420,'1','男','2018-01-01','610122199909091234','已婚',1,'1',1,'584991843@qq.com','1','1',8,9,29,'劳动合同','大专','1','1','2018-01-31','在职','00000047',0,'2018-01-31',NULL,'2018-01-31','2018-01-31',NULL),(1421,'江南一点雨','男','1990-01-01','610122199001011256','已婚',1,'陕西',13,'laowang@qq.com','18565558897','深圳市南山区',5,9,29,'劳务合同','本科','信息管理与信息系统','深圳大学','2018-01-01','在职','00000001',2,NULL,NULL,'2018-01-01','2020-01-01',NULL),(1422,'陈静','女','1989-02-01','421288198902011234','已婚',1,'海南',1,'chenjing@qq.com','18795556693','海南省海口市美兰区',8,12,30,'劳动合同','高中','市场营销','武汉大学','2015-06-09','在职','00000002',3,NULL,NULL,'2015-06-09','2018-06-08',NULL),(1423,'赵琳浩','男','1993-03-04','610122199303041456','未婚',1,'陕西',3,'zhao@qq.com','15698887795','陕西省西安市莲湖区',91,12,33,'劳动合同','博士','电子工程','哈尔滨理工大学','2018-01-01','在职','00000003',3.5,NULL,NULL,'2018-01-01','2021-07-14',NULL),(1424,'鹿存亮','男','1990-01-03','610122199001031456','已婚',1,'陕西',3,'zhao@qq.com','15612347795','陕西省西安市莲湖区',92,12,34,'劳动合同','高中','电子工程','哈尔滨理工大学','2018-01-01','在职','00000004',3.5,NULL,NULL,'2018-01-01','2021-07-14',NULL),(1425,'姚森','男','1991-02-05','610122199102058952','已婚',1,'河南',3,'yaosen@qq.com','14785559936','河南洛阳人民大道58号',92,15,34,'劳动合同','硕士','室内装修设计','西北大学','2017-01-02','在职','00000005',7,NULL,NULL,'2017-01-02','2024-01-17',NULL),(1426,'云星','女','1993-01-05','610122199301054789','已婚',1,'陕西西安',1,'yunxing@qq.com','15644442252','陕西西安新城区',92,16,34,'劳务合同','硕士','通信工程','西安电子科技学校','2018-01-01','在职','00000006',5.25,NULL,NULL,'2018-01-01','2023-04-13',NULL),(1427,'贾旭明','男','1993-11-11','610122199311111234','已婚',1,'广东广州',4,'jiaxuming@qq.com','15644441234','广东省广州市天河区冼村路',78,15,33,'劳务合同','初中','通信工程','西北大学','2018-01-01','在职','00000007',5.25,NULL,NULL,'2018-01-01','2023-04-13',NULL),(1428,'张黎明','男','1991-02-01','610144199102014569','已婚',1,'广东',6,'zhangliming@qq.com','18979994478','广东珠海',91,15,33,'劳动合同','高中','考古','清华大学','2018-01-01','在职','00000008',7,NULL,NULL,'2018-01-01','2025-01-30',NULL),(1429,'薛磊','男','1992-07-01','610144199207017895','已婚',1,'陕西西安',13,'xuelei@qq.com','15648887741','西安市雁塔区',92,14,34,'劳动合同','初中','无','华胥中学','2018-01-01','在职','00000009',6,NULL,NULL,'2018-01-01','2024-01-17',NULL),(1430,'张洁','女','1990-10-09','420177199010093652','未婚',1,'海南',5,'zhangjie@qq.com','13695557742','海口市美兰区',92,16,34,'劳动合同','高中','无','海南侨中','2018-01-01','在职','00000010',1,NULL,NULL,'2018-01-01','2019-01-01',NULL),(1431,'江南一点雨2','男','1990-01-01','610122199001011256','已婚',1,'陕西',13,'laowang@qq.com','18565558897','深圳市南山区',91,9,29,'劳动合同','本科','信息管理与信息系统','深圳大学','2018-01-01','在职','00000011',1,NULL,NULL,'2018-01-01','2019-01-01',NULL),(1432,'陈静2','女','1989-02-01','421288198902011234','已婚',1,'海南',1,'chenjing@qq.com','18795556693','海南省海口市美兰区',82,12,30,'劳动合同','高中','市场营销','武汉大学','2015-06-09','在职','00000012',3,NULL,NULL,'2015-06-09','2018-06-08',NULL),(1433,'赵琳浩2','男','1993-03-04','610122199303041456','未婚',1,'陕西',3,'zhao@qq.com','15698887795','陕西省西安市莲湖区',91,12,33,'劳动合同','博士','电子工程','哈尔滨理工大学','2018-01-01','在职','00000013',3.5,NULL,NULL,'2018-01-01','2021-07-14',NULL),(1434,'鹿存亮2','男','1990-01-03','610122199001031456','已婚',1,'陕西',3,'zhao@qq.com','15612347795','陕西省西安市莲湖区',92,12,34,'劳动合同','高中','电子工程','哈尔滨理工大学','2018-01-01','在职','00000014',3.5,NULL,NULL,'2018-01-01','2021-07-14',NULL),(1435,'姚森2','男','1991-02-05','610122199102058952','已婚',1,'河南',3,'yaosen@qq.com','14785559936','河南洛阳人民大道58号',92,15,34,'劳动合同','初中','室内装修设计','西北大学','2017-01-02','在职','00000015',7,NULL,NULL,'2017-01-02','2024-01-17',NULL),(1436,'云星2','女','1993-01-05','610122199301054789','已婚',1,'陕西西安',1,'yunxing@qq.com','15644442252','陕西西安新城区',92,16,34,'劳务合同','硕士','通信工程','西安电子科技学校','2018-01-01','在职','00000016',5.25,NULL,NULL,'2018-01-01','2023-04-13',NULL),(1437,'贾旭明2','男','1993-11-11','610122199311111234','已婚',1,'广东广州',4,'jiaxuming@qq.com','15644441234','广东省广州市天河区冼村路',78,15,33,'劳务合同','初中','通信工程','西北大学','2018-01-01','在职','00000017',5.25,NULL,NULL,'2018-01-01','2023-04-13',NULL),(1438,'王一亭','男','1991-02-01','610144199102014569','已婚',1,'广东',6,'zhangliming@qq.com','18979994478','广东珠海',91,15,33,'劳动合同','高中','考古','清华大学','2018-01-01','在职','00000018',7,NULL,NULL,'2018-01-01','2025-01-30',NULL),(1439,'薛磊2','男','1992-07-01','610144199207017895','已婚',1,'陕西西安',13,'xuelei@qq.com','15648887741','西安市雁塔区',92,14,34,'劳动合同','初中','无','华胥中学','2018-01-01','在职','00000019',1,NULL,NULL,'2018-01-01','2019-01-01',NULL),(1440,'张洁2','女','1990-10-09','420177199010093652','未婚',1,'海南',5,'zhangjie@qq.com','13695557742','海口市美兰区',92,16,34,'劳动合同','高中','无','海南侨中','2018-01-01','在职','00000020',1,NULL,NULL,'2018-01-01','2019-01-01',NULL),(1441,'江南一点雨3','男','1990-01-01','610122199001011256','已婚',1,'陕西',13,'laowang@qq.com','18565558897','深圳市南山区',8,9,29,'劳动合同','本科','信息管理与信息系统','深圳大学','2018-01-01','在职','00000021',1,NULL,NULL,'2018-01-01','2019-01-01',NULL),(1442,'陈静3','女','1989-02-01','421288198902011234','已婚',1,'海南',1,'chenjing@qq.com','18795556693','海南省海口市美兰区',82,12,30,'劳动合同','高中','市场营销','武汉大学','2015-06-09','在职','00000022',3,NULL,NULL,'2015-06-09','2018-06-08',NULL),(1443,'鹿存亮3','男','1990-01-03','610122199001031456','已婚',1,'陕西',3,'zhao@qq.com','15612347795','陕西省西安市莲湖区',92,12,34,'劳动合同','高中','电子工程','哈尔滨理工大学','2018-01-01','在职','00000024',3.5,NULL,NULL,'2018-01-01','2021-07-14',NULL),(1444,'姚森3','男','1991-02-05','610122199102058952','已婚',1,'河南',3,'yaosen@qq.com','14785559936','河南洛阳人民大道58号',92,15,34,'劳动合同','初中','室内装修设计','西北大学','2017-01-02','在职','00000025',7,NULL,NULL,'2017-01-02','2024-01-17',NULL),(1445,'云星3','女','1993-01-05','610122199301054789','已婚',1,'陕西西安',1,'yunxing@qq.com','15644442252','陕西西安新城区',92,16,34,'劳务合同','硕士','通信工程','西安电子科技学校','2018-01-01','在职','00000026',5.25,NULL,NULL,'2018-01-01','2023-04-13',NULL),(1446,'贾旭明3','男','1993-11-11','610122199311111234','已婚',1,'广东广州',4,'jiaxuming@qq.com','15644441234','广东省广州市天河区冼村路',78,15,33,'劳务合同','初中','通信工程','西北大学','2018-01-01','在职','00000027',5.25,NULL,NULL,'2018-01-01','2023-04-13',NULL),(1447,'张黎明3','男','1991-02-01','610144199102014569','已婚',1,'广东',6,'zhangliming@qq.com','18979994478','广东珠海',91,15,33,'劳动合同','高中','考古','清华大学','2018-01-01','在职','00000028',7,NULL,NULL,'2018-01-01','2025-01-30',NULL),(1448,'薛磊3','男','1992-07-01','610144199207017895','已婚',1,'陕西西安',13,'xuelei@qq.com','15648887741','西安市雁塔区',92,14,34,'劳动合同','初中','无','华胥中学','2018-01-01','在职','00000029',6,NULL,NULL,'2018-01-01','2024-01-17',NULL),(1449,'江南一点雨4','男','1990-01-01','610122199001011256','已婚',1,'陕西',13,'laowang@qq.com','18565558897','深圳市南山区',8,9,29,'劳动合同','本科','信息管理与信息系统','深圳大学','2018-01-01','在职','00000031',1,NULL,NULL,'2018-01-01','2019-01-01',NULL),(1450,'陈静4','女','1989-02-01','421288198902011234','已婚',1,'海南',1,'chenjing@qq.com','18795556693','海南省海口市美兰区',82,12,30,'劳动合同','高中','市场营销','武汉大学','2015-06-09','在职','00000032',3,NULL,NULL,'2015-06-09','2018-06-08',NULL),(1451,'赵琳浩4','男','1993-03-04','610122199303041456','未婚',1,'陕西',3,'zhao@qq.com','15698887795','陕西省西安市莲湖区',91,12,33,'劳动合同','博士','电子工程','哈尔滨理工大学','2018-01-01','在职','00000033',3.5,NULL,NULL,'2018-01-01','2021-07-14',NULL),(1452,'鹿存亮4','男','1990-01-03','610122199001031456','已婚',1,'陕西',3,'zhao@qq.com','15612347795','陕西省西安市莲湖区',92,12,34,'劳动合同','高中','电子工程','哈尔滨理工大学','2018-01-01','在职','00000034',3.5,NULL,NULL,'2018-01-01','2021-07-14',NULL),(1453,'姚森4','男','1991-02-05','610122199102058952','已婚',1,'河南',3,'yaosen@qq.com','14785559936','河南洛阳人民大道58号',92,15,34,'劳动合同','初中','室内装修设计','西北大学','2017-01-02','在职','00000035',7,NULL,NULL,'2017-01-02','2024-01-17',NULL),(1454,'云星4','女','1993-01-05','610122199301054789','已婚',1,'陕西西安',1,'yunxing@qq.com','15644442252','陕西西安新城区',92,16,34,'劳务合同','硕士','通信工程','西安电子科技学校','2018-01-01','在职','00000036',5.25,NULL,NULL,'2018-01-01','2023-04-13',NULL),(1455,'贾旭明4','男','1993-11-11','610122199311111234','已婚',1,'广东广州',4,'jiaxuming@qq.com','15644441234','广东省广州市天河区冼村路',78,15,33,'劳务合同','初中','通信工程','西北大学','2018-01-01','在职','00000037',5.25,NULL,NULL,'2018-01-01','2023-04-13',NULL),(1456,'张黎明2','男','1991-02-01','610144199102014569','已婚',1,'广东',6,'zhangliming@qq.com','18979994478','广东珠海',91,15,33,'劳动合同','高中','考古','清华大学','2018-01-01','在职','00000038',7,NULL,NULL,'2018-01-01','2025-01-30',NULL),(1457,'薛磊4','男','1992-07-01','610144199207017895','已婚',1,'陕西西安',13,'xuelei@qq.com','15648887741','西安市雁塔区',92,14,34,'劳动合同','初中','无','华胥中学','2018-01-01','在职','00000039',6,NULL,NULL,'2018-01-01','2024-01-17',NULL),(1458,'张洁4','女','1990-10-09','420177199010093652','未婚',1,'海南',5,'zhangjie@qq.com','13695557742','海口市美兰区',92,16,34,'劳动合同','高中','无','海南侨中','2018-01-01','在职','00000040',1,NULL,NULL,'2018-01-01','2019-01-01',NULL),(1459,'江南一点雨5','男','1990-01-01','610122199001011256','已婚',1,'陕西',13,'laowang@qq.com','18565558897','深圳市南山区',8,9,29,'劳动合同','本科','信息管理与信息系统','深圳大学','2018-01-01','在职','00000041',1,NULL,NULL,'2018-01-01','2019-01-01',NULL),(1460,'陈静5','女','1989-02-01','421288198902011234','已婚',1,'海南',1,'chenjing@qq.com','18795556693','海南省海口市美兰区',82,12,30,'劳动合同','高中','市场营销','武汉大学','2015-06-09','在职','00000042',3,NULL,NULL,'2015-06-09','2018-06-08',NULL),(1461,'赵琳浩5','男','1993-03-04','610122199303041456','未婚',1,'陕西',3,'zhao@qq.com','15698887795','陕西省西安市莲湖区',91,12,33,'劳动合同','博士','电子工程','哈尔滨理工大学','2018-01-01','在职','00000043',3.5,NULL,NULL,'2018-01-01','2021-07-14',NULL),(1462,'鹿存亮5','男','1990-01-03','610122199001031456','已婚',1,'陕西',3,'zhao@qq.com','15612347795','陕西省西安市莲湖区',92,12,34,'劳动合同','高中','电子工程','哈尔滨理工大学','2018-01-01','在职','00000044',3.5,NULL,NULL,'2018-01-01','2021-07-14',NULL),(1463,'姚森5','男','1991-02-05','610122199102058952','已婚',1,'河南',3,'yaosen@qq.com','14785559936','河南洛阳人民大道58号',92,15,34,'劳动合同','初中','室内装修设计','西北大学','2017-01-02','在职','00000045',7,NULL,NULL,'2017-01-02','2024-01-17',NULL),(1464,'云星5','女','1993-01-05','610122199301054789','已婚',1,'陕西西安',1,'yunxing@qq.com','15644442252','陕西西安新城区',92,16,34,'劳务合同','硕士','通信工程','西安电子科技学校','2018-01-01','在职','00000046',5.25,NULL,NULL,'2018-01-01','2023-04-13',NULL),(1465,'贾旭明5','男','1993-11-11','610122199311111234','已婚',1,'广东广州',4,'jiaxuming@qq.com','15644441234','广东省广州市天河区冼村路',78,15,33,'劳务合同','初中','通信工程','西北大学','2018-01-01','在职','00000047',5.25,NULL,NULL,'2018-01-01','2023-04-13',NULL),(1466,'张黎明5','男','1991-02-01','610144199102014569','已婚',1,'广东',6,'zhangliming@qq.com','18979994478','广东珠海',91,15,33,'劳动合同','高中','考古','清华大学','2018-01-01','在职','00000048',7,NULL,NULL,'2018-01-01','2025-01-30',NULL),(1467,'薛磊5','男','1992-07-01','610144199207017895','已婚',1,'陕西西安',13,'xuelei@qq.com','15648887741','西安市雁塔区',92,14,34,'劳动合同','初中','无','华胥中学','2018-01-01','在职','00000049',6,NULL,NULL,'2018-01-01','2024-01-17',NULL),(1468,'张洁5','女','1990-10-09','420177199010093652','未婚',1,'海南',5,'zhangjie@qq.com','13695557742','海口市美兰区',92,16,34,'劳动合同','高中','无','海南侨中','2018-01-01','在职','00000050',1,NULL,NULL,'2018-01-01','2019-01-01',NULL),(1469,'江南一点雨6','男','1990-01-01','610122199001011256','已婚',1,'陕西',13,'laowang@qq.com','18565558897','深圳市南山区',8,9,29,'劳动合同','本科','信息管理与信息系统','深圳大学','2018-01-01','在职','00000051',1,NULL,NULL,'2018-01-01','2019-01-01',NULL),(1470,'陈静6','女','1989-02-01','421288198902011234','已婚',1,'海南',1,'chenjing@qq.com','18795556693','海南省海口市美兰区',82,12,30,'劳动合同','高中','市场营销','武汉大学','2015-06-09','在职','00000052',3,NULL,NULL,'2015-06-09','2018-06-08',NULL),(1471,'赵琳浩6','男','1993-03-04','610122199303041456','未婚',1,'陕西',3,'zhao@qq.com','15698887795','陕西省西安市莲湖区',91,12,33,'劳动合同','博士','电子工程','哈尔滨理工大学','2018-01-01','在职','00000053',3.5,NULL,NULL,'2018-01-01','2021-07-14',NULL),(1472,'鹿存亮6','男','1990-01-03','610122199001031456','已婚',1,'陕西',3,'zhao@qq.com','15612347795','陕西省西安市莲湖区',92,12,34,'劳动合同','高中','电子工程','哈尔滨理工大学','2018-01-01','在职','00000054',3.5,NULL,NULL,'2018-01-01','2021-07-14',NULL),(1473,'姚森6','男','1991-02-05','610122199102058952','已婚',1,'河南',3,'yaosen@qq.com','14785559936','河南洛阳人民大道58号',92,15,34,'劳动合同','初中','室内装修设计','西北大学','2017-01-02','在职','00000055',7,NULL,NULL,'2017-01-02','2024-01-17',NULL),(1474,'云星6','女','1993-01-05','610122199301054789','已婚',1,'陕西西安',1,'yunxing@qq.com','15644442252','陕西西安新城区',92,16,34,'劳务合同','硕士','通信工程','西安电子科技学校','2018-01-01','在职','00000056',5.25,NULL,NULL,'2018-01-01','2023-04-13',NULL),(1475,'江南一点雨','男','1990-01-01','610122199001011256','已婚',1,'陕西',13,'laowang@qq.com','18565558897','深圳市南山区',8,9,29,'劳动合同','本科','信息管理与信息系统','深圳大学','2018-01-01','在职','00000001',1,NULL,NULL,'2018-01-01','2019-01-01',NULL),(1476,'陈静','女','1989-02-01','421288198902011234','已婚',1,'海南',1,'chenjing@qq.com','18795556693','海南省海口市美兰区',82,12,30,'劳动合同','高中','市场营销','武汉大学','2015-06-09','在职','00000002',3,NULL,NULL,'2015-06-09','2018-06-08',NULL),(1477,'赵琳浩','男','1993-03-04','610122199303041456','未婚',1,'陕西',3,'zhao@qq.com','15698887795','陕西省西安市莲湖区',91,12,33,'劳动合同','博士','电子工程','哈尔滨理工大学','2018-01-01','在职','00000003',3.5,NULL,NULL,'2018-01-01','2021-07-14',NULL),(1478,'鹿存亮','男','1990-01-03','610122199001031456','已婚',1,'陕西',3,'zhao@qq.com','15612347795','陕西省西安市莲湖区',92,12,34,'劳动合同','高中','电子工程','哈尔滨理工大学','2018-01-01','在职','00000004',3.5,NULL,NULL,'2018-01-01','2021-07-14',NULL),(1479,'姚森','男','1991-02-05','610122199102058952','已婚',1,'河南',3,'yaosen@qq.com','14785559936','河南洛阳人民大道58号',92,15,34,'劳动合同','初中','室内装修设计','西北大学','2017-01-02','在职','00000005',7,NULL,NULL,'2017-01-02','2024-01-17',NULL),(1480,'贾旭明','男','1993-11-11','610122199311111234','已婚',1,'广东广州',4,'jiaxuming@qq.com','15644441234','广东省广州市天河区冼村路',78,15,33,'劳务合同','初中','通信工程','西北大学','2018-01-01','在职','00000007',5.25,NULL,NULL,'2018-01-01','2023-04-13',NULL),(1481,'张黎明','男','1991-02-01','610144199102014569','已婚',1,'广东',6,'zhangliming@qq.com','18979994478','广东珠海',91,15,33,'劳动合同','高中','考古','清华大学','2018-01-01','在职','00000008',7,NULL,NULL,'2018-01-01','2025-01-30',NULL),(1482,'薛磊','男','1992-07-01','610144199207017895','已婚',1,'陕西西安',13,'xuelei@qq.com','15648887741','西安市雁塔区',92,14,34,'劳动合同','初中','无','华胥中学','2018-01-01','在职','00000009',6,NULL,NULL,'2018-01-01','2024-01-17',NULL),(1483,'张洁','女','1990-10-09','420177199010093652','未婚',1,'海南',5,'zhangjie@qq.com','13695557742','海口市美兰区',92,16,34,'劳动合同','高中','无','海南侨中','2018-01-01','在职','00000010',1,NULL,NULL,'2018-01-01','2019-01-01',NULL),(1484,'江南一点雨2','男','1990-01-01','610122199001011256','已婚',1,'陕西',13,'laowang@qq.com','18565558897','深圳市南山区',8,9,29,'劳动合同','本科','信息管理与信息系统','深圳大学','2018-01-01','在职','00000011',1,NULL,NULL,'2018-01-01','2019-01-01',NULL),(1485,'陈静2','女','1989-02-01','421288198902011234','已婚',1,'海南',1,'chenjing@qq.com','18795556693','海南省海口市美兰区',82,12,30,'劳动合同','高中','市场营销','武汉大学','2015-06-09','在职','00000012',3,NULL,NULL,'2015-06-09','2018-06-08',NULL),(1486,'赵琳浩2','男','1993-03-04','610122199303041456','未婚',1,'陕西',3,'zhao@qq.com','15698887795','陕西省西安市莲湖区',91,12,33,'劳动合同','博士','电子工程','哈尔滨理工大学','2018-01-01','在职','00000013',3.5,NULL,NULL,'2018-01-01','2021-07-14',NULL),(1487,'鹿存亮2','男','1990-01-03','610122199001031456','已婚',1,'陕西',3,'zhao@qq.com','15612347795','陕西省西安市莲湖区',92,12,34,'劳动合同','高中','电子工程','哈尔滨理工大学','2018-01-01','在职','00000014',3.5,NULL,NULL,'2018-01-01','2021-07-14',NULL),(1488,'姚森2','男','1991-02-05','610122199102058952','已婚',1,'河南',3,'yaosen@qq.com','14785559936','河南洛阳人民大道58号',92,15,34,'劳动合同','初中','室内装修设计','西北大学','2017-01-02','在职','00000015',7,NULL,NULL,'2017-01-02','2024-01-17',NULL),(1489,'云星2','女','1993-01-05','610122199301054789','已婚',1,'陕西西安',1,'yunxing@qq.com','15644442252','陕西西安新城区',92,16,34,'劳务合同','硕士','通信工程','西安电子科技学校','2018-01-01','在职','00000016',5.25,NULL,NULL,'2018-01-01','2023-04-13',NULL),(1490,'贾旭明2','男','1993-11-11','610122199311111234','已婚',1,'广东广州',4,'jiaxuming@qq.com','15644441234','广东省广州市天河区冼村路',78,15,33,'劳务合同','初中','通信工程','西北大学','2018-01-01','在职','00000017',5.25,NULL,NULL,'2018-01-01','2023-04-13',NULL),(1491,'王一亭','男','1991-02-01','610144199102014569','已婚',1,'广东',6,'zhangliming@qq.com','18979994478','广东珠海',91,15,33,'劳动合同','高中','考古','清华大学','2018-01-01','在职','00000018',7,NULL,NULL,'2018-01-01','2025-01-30',NULL),(1492,'薛磊2','男','1992-07-01','610144199207017895','已婚',1,'陕西西安',13,'xuelei@qq.com','15648887741','西安市雁塔区',92,14,34,'劳动合同','初中','无','华胥中学','2018-01-01','在职','00000019',1,NULL,NULL,'2018-01-01','2019-01-01',NULL),(1493,'张洁2','女','1990-10-09','420177199010093652','未婚',1,'海南',5,'zhangjie@qq.com','13695557742','海口市美兰区',92,16,34,'劳动合同','高中','无','海南侨中','2018-01-01','在职','00000020',1,NULL,NULL,'2018-01-01','2019-01-01',NULL),(1494,'江南一点雨3','男','1990-01-01','610122199001011256','已婚',1,'陕西',13,'laowang@qq.com','18565558897','深圳市南山区',8,9,29,'劳动合同','本科','信息管理与信息系统','深圳大学','2018-01-01','在职','00000021',1,NULL,NULL,'2018-01-01','2019-01-01',NULL),(1495,'陈静3','女','1989-02-01','421288198902011234','已婚',1,'海南',1,'chenjing@qq.com','18795556693','海南省海口市美兰区',82,12,30,'劳动合同','高中','市场营销','武汉大学','2015-06-09','在职','00000022',3,NULL,NULL,'2015-06-09','2018-06-08',NULL),(1496,'鹿存亮3','男','1990-01-03','610122199001031456','已婚',1,'陕西',3,'zhao@qq.com','15612347795','陕西省西安市莲湖区',92,12,34,'劳动合同','高中','电子工程','哈尔滨理工大学','2018-01-01','在职','00000024',3.5,NULL,NULL,'2018-01-01','2021-07-14',NULL),(1497,'姚森3','男','1991-02-05','610122199102058952','已婚',1,'河南',3,'yaosen@qq.com','14785559936','河南洛阳人民大道58号',92,15,34,'劳动合同','初中','室内装修设计','西北大学','2017-01-02','在职','00000025',7,NULL,NULL,'2017-01-02','2024-01-17',NULL),(1498,'云星3','女','1993-01-05','610122199301054789','已婚',1,'陕西西安',1,'yunxing@qq.com','15644442252','陕西西安新城区',92,16,34,'劳务合同','硕士','通信工程','西安电子科技学校','2018-01-01','在职','00000026',5.25,NULL,NULL,'2018-01-01','2023-04-13',NULL),(1499,'贾旭明3','男','1993-11-11','610122199311111234','已婚',1,'广东广州',4,'jiaxuming@qq.com','15644441234','广东省广州市天河区冼村路',78,15,33,'劳务合同','初中','通信工程','西北大学','2018-01-01','在职','00000027',5.25,NULL,NULL,'2018-01-01','2023-04-13',NULL),(1500,'张黎明3','男','1991-02-01','610144199102014569','已婚',1,'广东',6,'zhangliming@qq.com','18979994478','广东珠海',91,15,33,'劳动合同','高中','考古','清华大学','2018-01-01','在职','00000028',7,NULL,NULL,'2018-01-01','2025-01-30',NULL),(1501,'薛磊3','男','1992-07-01','610144199207017895','已婚',1,'陕西西安',13,'xuelei@qq.com','15648887741','西安市雁塔区',92,14,34,'劳动合同','初中','无','华胥中学','2018-01-01','在职','00000029',6,NULL,NULL,'2018-01-01','2024-01-17',NULL),(1502,'江南一点雨4','男','1990-01-01','610122199001011256','已婚',1,'陕西',13,'laowang@qq.com','18565558897','深圳市南山区',8,9,29,'劳动合同','本科','信息管理与信息系统','深圳大学','2018-01-01','在职','00000031',1,NULL,NULL,'2018-01-01','2019-01-01',NULL),(1503,'陈静4','女','1989-02-01','421288198902011234','已婚',1,'海南',1,'chenjing@qq.com','18795556693','海南省海口市美兰区',82,12,30,'劳动合同','高中','市场营销','武汉大学','2015-06-09','在职','00000032',3,NULL,NULL,'2015-06-09','2018-06-08',NULL),(1504,'赵琳浩4','男','1993-03-04','610122199303041456','未婚',1,'陕西',3,'zhao@qq.com','15698887795','陕西省西安市莲湖区',91,12,33,'劳动合同','博士','电子工程','哈尔滨理工大学','2018-01-01','在职','00000033',3.5,NULL,NULL,'2018-01-01','2021-07-14',NULL),(1505,'鹿存亮4','男','1990-01-03','610122199001031456','已婚',1,'陕西',3,'zhao@qq.com','15612347795','陕西省西安市莲湖区',92,12,34,'劳动合同','高中','电子工程','哈尔滨理工大学','2018-01-01','在职','00000034',3.5,NULL,NULL,'2018-01-01','2021-07-14',NULL),(1506,'姚森4','男','1991-02-05','610122199102058952','已婚',1,'河南',3,'yaosen@qq.com','14785559936','河南洛阳人民大道58号',92,15,34,'劳动合同','初中','室内装修设计','西北大学','2017-01-02','在职','00000035',7,NULL,NULL,'2017-01-02','2024-01-17',NULL),(1507,'云星4','女','1993-01-05','610122199301054789','已婚',1,'陕西西安',1,'yunxing@qq.com','15644442252','陕西西安新城区',92,16,34,'劳务合同','硕士','通信工程','西安电子科技学校','2018-01-01','在职','00000036',5.25,NULL,NULL,'2018-01-01','2023-04-13',NULL),(1508,'贾旭明4','男','1993-11-11','610122199311111234','已婚',1,'广东广州',4,'jiaxuming@qq.com','15644441234','广东省广州市天河区冼村路',78,15,33,'劳务合同','初中','通信工程','西北大学','2018-01-01','在职','00000037',5.25,NULL,NULL,'2018-01-01','2023-04-13',NULL),(1509,'谢工','女','1970-01-01','618177197001011234','离异',1,'江苏',1,'584991843@qq.com','18558887788','北京',91,12,29,'劳动合同','本科','计算机软件','南华大学','2018-01-01','在职','00000038',5,NULL,NULL,'2018-01-01','2023-01-01',NULL),(1510,'林昭亮','男','1990-01-01','610122199809091234','已婚',1,'广东',13,'584991843@qq.com','16767776654','广东深圳',91,15,33,'劳动合同','大专','计算机软件','广东职业技术学院','2018-01-01','在职','00000039',5,NULL,NULL,'2018-01-01','2023-01-01',NULL),(1511,'11','男','2018-01-01','610122201801011234','已婚',1,'1',1,'584991843@qq.com','111','1',89,9,29,'劳动合同','本科','1','1','2018-01-01','在职','00000040',4,NULL,NULL,'2018-01-01','2022-01-26',NULL),(1512,'1','男','2018-01-01','610188199809091234','已婚',1,'1',1,'584991843@qq.com','1','1',89,9,29,'劳动合同','大专','1','1','2018-01-31','在职','00000041',1,NULL,NULL,'2018-01-31','2019-01-31',NULL),(1513,'1','男','2018-01-01','610122199909090000','已婚',1,'1',1,'584991843@qq.com','1','1',78,9,29,'劳动合同','大专','1','1','2018-01-31','在职','00000042',1,NULL,NULL,'2018-01-31','2019-01-31',NULL),(1514,'1','男','2018-01-01','610122199909090000','已婚',1,'1',1,'584991843@qq.com','1','1',81,9,29,'劳动合同','大专','1','1','2018-01-31','在职','00000043',0,NULL,NULL,'2018-01-31','2018-01-31',NULL),(1515,'1','男','2018-01-01','610122199909099999','已婚',1,'1',1,'584991843@qq.com','1','1',87,9,29,'劳动合同','大专','1','1','2018-01-01','在职','00000044',0,NULL,NULL,'2018-01-01','2018-01-31',NULL),(1516,'1','男','2018-01-01','610122199909099999','已婚',1,'1',1,'584991843@qq.com','1','1',78,9,29,'劳动合同','大专','1','1','2018-01-01','在职','00000045',0,NULL,NULL,'2018-01-01','2018-01-31',NULL),(1517,'林伯渠','男','2018-01-01','610122199909099999','未婚',1,'1',1,'584991843@qq.com','1','1',8,9,29,'劳动合同','大专','1','1','2018-01-31','在职','00000046',0,NULL,NULL,'2018-01-31','2018-01-31',NULL),(1518,'1','男','2018-01-01','610122199909091234','已婚',1,'1',1,'584991843@qq.com','1','1',8,9,29,'劳动合同','大专','1','1','2018-01-31','在职','00000047',0,NULL,NULL,'2018-01-31','2018-01-31',NULL),(1519,'javaboy','男','1989-12-31','610122199001011256','已婚',1,'陕西',13,'laowang@qq.com','18565558897','深圳市南山区',5,9,29,'劳务合同','本科','信息管理与信息系统','深圳大学','2017-12-31','在职','00000057',2,'2018-03-31',NULL,'2017-12-31','2019-12-31',NULL),(1520,'javaboy','男','1989-12-31','610122199001011256','已婚',1,'陕西',13,'laowang@qq.com','18565558897','深圳市南山区',93,9,29,'劳务合同','本科','信息管理与信息系统','深圳大学','2019-11-05','在职','00000058',2,'2018-03-31',NULL,'2017-12-31','2019-12-31',NULL),(1521,'javaboy','男','1989-12-31','610122199001011256','已婚',1,'',13,'laowang@qq.com','18565558897','深圳市南山区',93,9,29,'劳务合同','本科','信息管理与信息系统','深圳大学','2019-11-05','在职','00000059',2,'2018-03-31',NULL,'2017-12-31','2019-12-31',NULL),(1522,'javaboy','男','1989-12-31','610122199001011256','已婚',1,'陕西',13,'laowan@123.com','18565558897','深圳市南山区',5,9,29,'劳务合同','本科','信息管理与信息系统','深圳大学','2017-12-31','在职','00000060',2,'2018-03-31',NULL,'2017-12-31','2019-12-31',NULL),(1523,'javaboy','男','1989-12-31','610122199001011256','已婚',1,'陕西',13,'laowan@123.com','18565558897','深圳市南山区',5,9,29,'劳务合同','本科','信息管理与信息系统','深圳大学','2017-12-31','在职','00000060',2,'2018-03-31',NULL,'2017-12-31','2019-12-31',NULL),(1526,'javaboy','男','1989-12-31','610122199001011256','已婚',1,'陕西',13,'laowang@qq.com','18565558897','深圳市南山区',91,9,29,'劳务合同','本科','信息管理与信息系统','深圳大学','2017-12-31','在职','00000061',2,'2018-03-31',NULL,'2017-12-31','2019-12-31',NULL),(1527,'javaboy','男','1989-12-31','610122199001011256','已婚',1,'陕西',13,'laowang@qq.com','18565558897','深圳市南山区',91,9,29,'劳务合同','本科','信息管理与信息系统','深圳大学','2017-12-31','在职','00000062',6.17,'2018-03-31',NULL,'2017-12-31','2024-02-29',NULL),(1528,'javaboy666','男','2019-11-10','610122199911111111','已婚',1,'广东',13,'123@qq.com','12345678901','广东深圳',78,9,29,'劳动合同','本科','信管','深圳大学','2019-11-10','在职','00000063',3.25,'2020-02-10',NULL,'2019-11-10','2023-02-22',NULL),(1529,'javaboy666','男','2019-11-10','610122199911111111','已婚',1,'广东',13,'123@qq.com','12345678901','广东深圳',78,9,29,'劳动合同','本科','信管','深圳大学','2019-11-10','在职','00000063',3.25,'2020-02-10',NULL,'2019-11-10','2023-02-22',NULL),(1530,'江南一点雨','男','1990-01-01','610122199001011256','已婚',1,'陕西',13,'laowang@qq.com','18565558897','深圳市南山区',5,9,29,'劳务合同','本科','信息管理与信息系统','深圳大学','2018-01-01','在职','00000001',2,'2018-04-01',NULL,'2018-01-01','2020-01-01',NULL),(1531,'陈静','女','1989-02-01','421288198902011234','已婚',1,'海南',1,'chenjing@qq.com','18795556693','海南省海口市美兰区',91,12,29,'劳动合同','高中','市场营销','武汉大学','2015-06-09','在职','00000002',3,'2015-09-10',NULL,'2015-06-09','2018-06-08',NULL),(1532,'赵琳浩','男','1993-03-04','610122199303041456','未婚',1,'陕西',3,'zhao@qq.com','15698887795','陕西省西安市莲湖区',91,12,33,'劳动合同','博士','电子工程','哈尔滨理工大学','2018-01-01','在职','00000003',3.5,'2018-04-01',NULL,'2018-01-01','2021-07-14',NULL),(1533,'鹿存亮','男','1990-01-03','610122199001031456','已婚',1,'陕西',3,'zhao@qq.com','15612347795','陕西省西安市莲湖区',92,12,34,'劳动合同','高中','电子工程','哈尔滨理工大学','2018-01-01','在职','00000004',3.5,'2018-04-01',NULL,'2018-01-01','2021-07-14',NULL),(1534,'姚森','男','1991-02-05','610122199102058952','已婚',1,'河南',3,'yaosen@qq.com','14785559936','河南洛阳人民大道58号',92,15,34,'劳动合同','硕士','室内装修设计','西北大学','2017-01-02','在职','00000005',7,'2017-04-02',NULL,'2017-01-02','2024-01-17',NULL),(1535,'云星','女','1993-01-05','610122199301054789','已婚',1,'陕西西安',1,'yunxing@qq.com','15644442252','陕西西安新城区',92,16,34,'劳务合同','硕士','通信工程','西安电子科技学校','2018-01-01','在职','00000006',5.25,'2018-04-01',NULL,'2018-01-01','2023-04-13',NULL),(1536,'贾旭明','男','1993-11-11','610122199311111234','已婚',1,'广东广州',4,'jiaxuming@qq.com','15644441234','广东省广州市天河区冼村路',78,15,33,'劳务合同','初中','通信工程','西北大学','2018-01-01','在职','00000007',5.25,'2018-04-01',NULL,'2018-01-01','2023-04-13',NULL),(1537,'张黎明','男','1991-02-01','610144199102014569','已婚',1,'广东',6,'zhangliming@qq.com','18979994478','广东珠海',91,15,33,'劳动合同','高中','考古','清华大学','2018-01-01','在职','00000008',7,'2018-04-01',NULL,'2018-01-01','2025-01-30',NULL),(1538,'薛磊','男','1992-07-01','610144199207017895','已婚',1,'陕西西安',13,'xuelei@qq.com','15648887741','西安市雁塔区',92,14,34,'劳动合同','初中','无','华胥中学','2018-01-01','在职','00000009',6,'2018-04-01',NULL,'2018-01-01','2024-01-17',NULL),(1539,'张洁','女','1990-10-09','420177199010093652','未婚',1,'海南',5,'zhangjie@qq.com','13695557742','海口市美兰区',92,16,34,'劳动合同','高中','无','海南侨中','2018-01-01','在职','00000010',1,'2018-01-31',NULL,'2018-01-01','2019-01-01',NULL),(1540,'江南一点雨2','男','1990-01-01','610122199001011256','已婚',1,'陕西',13,'laowang@qq.com','18565558897','深圳市南山区',91,9,29,'劳动合同','本科','信息管理与信息系统','深圳大学','2018-01-01','在职','00000011',1,'2018-04-01',NULL,'2018-01-01','2019-01-01',NULL),(1541,'陈静2','女','1989-02-01','421288198902011234','已婚',1,'海南',1,'chenjing@qq.com','18795556693','海南省海口市美兰区',82,12,30,'劳动合同','高中','市场营销','武汉大学','2015-06-09','在职','00000012',3,'2015-09-10',NULL,'2015-06-09','2018-06-08',NULL),(1542,'赵琳浩2','男','1993-03-04','610122199303041456','未婚',1,'陕西',3,'zhao@qq.com','15698887795','陕西省西安市莲湖区',91,12,33,'劳动合同','博士','电子工程','哈尔滨理工大学','2018-01-01','在职','00000013',3.5,'2018-04-01',NULL,'2018-01-01','2021-07-14',NULL),(1543,'鹿存亮2','男','1990-01-03','610122199001031456','已婚',1,'陕西',3,'zhao@qq.com','15612347795','陕西省西安市莲湖区',92,12,34,'劳动合同','高中','电子工程','哈尔滨理工大学','2018-01-01','在职','00000014',3.5,'2018-04-01',NULL,'2018-01-01','2021-07-14',NULL),(1544,'姚森2','男','1991-02-05','610122199102058952','已婚',1,'河南',3,'yaosen@qq.com','14785559936','河南洛阳人民大道58号',92,15,34,'劳动合同','初中','室内装修设计','西北大学','2017-01-02','在职','00000015',7,'2017-04-02',NULL,'2017-01-02','2024-01-17',NULL),(1545,'云星2','女','1993-01-05','610122199301054789','已婚',1,'陕西西安',1,'yunxing@qq.com','15644442252','陕西西安新城区',92,16,34,'劳务合同','硕士','通信工程','西安电子科技学校','2018-01-01','在职','00000016',5.25,'2018-04-01',NULL,'2018-01-01','2023-04-13',NULL),(1546,'贾旭明2','男','1993-11-11','610122199311111234','已婚',1,'广东广州',4,'jiaxuming@qq.com','15644441234','广东省广州市天河区冼村路',78,15,33,'劳务合同','初中','通信工程','西北大学','2018-01-01','在职','00000017',5.25,'2018-04-01',NULL,'2018-01-01','2023-04-13',NULL),(1547,'王一亭','男','1991-02-01','610144199102014569','已婚',1,'广东',6,'zhangliming@qq.com','18979994478','广东珠海',91,15,33,'劳动合同','高中','考古','清华大学','2018-01-01','在职','00000018',7,'2018-04-01',NULL,'2018-01-01','2025-01-30',NULL),(1548,'薛磊2','男','1992-07-01','610144199207017895','已婚',1,'陕西西安',13,'xuelei@qq.com','15648887741','西安市雁塔区',92,14,34,'劳动合同','初中','无','华胥中学','2018-01-01','在职','00000019',1,'2018-04-01',NULL,'2018-01-01','2019-01-01',NULL),(1549,'张洁2','女','1990-10-09','420177199010093652','未婚',1,'海南',5,'zhangjie@qq.com','13695557742','海口市美兰区',92,16,34,'劳动合同','高中','无','海南侨中','2018-01-01','在职','00000020',1,'2018-01-31',NULL,'2018-01-01','2019-01-01',NULL),(1550,'江南一点雨3','男','1990-01-01','610122199001011256','已婚',1,'陕西',13,'laowang@qq.com','18565558897','深圳市南山区',8,9,29,'劳动合同','本科','信息管理与信息系统','深圳大学','2018-01-01','在职','00000021',1,'2018-04-01',NULL,'2018-01-01','2019-01-01',NULL),(1551,'陈静3','女','1989-02-01','421288198902011234','已婚',1,'海南',1,'chenjing@qq.com','18795556693','海南省海口市美兰区',82,12,30,'劳动合同','高中','市场营销','武汉大学','2015-06-09','在职','00000022',3,'2015-09-10',NULL,'2015-06-09','2018-06-08',NULL),(1552,'鹿存亮3','男','1990-01-03','610122199001031456','已婚',1,'陕西',3,'zhao@qq.com','15612347795','陕西省西安市莲湖区',92,12,34,'劳动合同','高中','电子工程','哈尔滨理工大学','2018-01-01','在职','00000024',3.5,'2018-04-01',NULL,'2018-01-01','2021-07-14',NULL),(1553,'姚森3','男','1991-02-05','610122199102058952','已婚',1,'河南',3,'yaosen@qq.com','14785559936','河南洛阳人民大道58号',92,15,34,'劳动合同','初中','室内装修设计','西北大学','2017-01-02','在职','00000025',7,'2017-04-02',NULL,'2017-01-02','2024-01-17',NULL),(1554,'云星3','女','1993-01-05','610122199301054789','已婚',1,'陕西西安',1,'yunxing@qq.com','15644442252','陕西西安新城区',92,16,34,'劳务合同','硕士','通信工程','西安电子科技学校','2018-01-01','在职','00000026',5.25,'2018-04-01',NULL,'2018-01-01','2023-04-13',NULL),(1555,'贾旭明3','男','1993-11-11','610122199311111234','已婚',1,'广东广州',4,'jiaxuming@qq.com','15644441234','广东省广州市天河区冼村路',78,15,33,'劳务合同','初中','通信工程','西北大学','2018-01-01','在职','00000027',5.25,'2018-04-01',NULL,'2018-01-01','2023-04-13',NULL),(1556,'张黎明3','男','1991-02-01','610144199102014569','已婚',1,'广东',6,'zhangliming@qq.com','18979994478','广东珠海',91,15,33,'劳动合同','高中','考古','清华大学','2018-01-01','在职','00000028',7,'2018-04-01',NULL,'2018-01-01','2025-01-30',NULL),(1557,'薛磊3','男','1992-07-01','610144199207017895','已婚',1,'陕西西安',13,'xuelei@qq.com','15648887741','西安市雁塔区',92,14,34,'劳动合同','初中','无','华胥中学','2018-01-01','在职','00000029',6,'2018-04-01',NULL,'2018-01-01','2024-01-17',NULL),(1558,'江南一点雨4','男','1990-01-01','610122199001011256','已婚',1,'陕西',13,'laowang@qq.com','18565558897','深圳市南山区',8,9,29,'劳动合同','本科','信息管理与信息系统','深圳大学','2018-01-01','在职','00000031',1,'2018-04-01',NULL,'2018-01-01','2019-01-01',NULL),(1559,'陈静4','女','1989-02-01','421288198902011234','已婚',1,'海南',1,'chenjing@qq.com','18795556693','海南省海口市美兰区',82,12,30,'劳动合同','高中','市场营销','武汉大学','2015-06-09','在职','00000032',3,'2015-09-10',NULL,'2015-06-09','2018-06-08',NULL),(1560,'赵琳浩4','男','1993-03-04','610122199303041456','未婚',1,'陕西',3,'zhao@qq.com','15698887795','陕西省西安市莲湖区',91,12,33,'劳动合同','博士','电子工程','哈尔滨理工大学','2018-01-01','在职','00000033',3.5,'2018-04-01',NULL,'2018-01-01','2021-07-14',NULL),(1561,'鹿存亮4','男','1990-01-03','610122199001031456','已婚',1,'陕西',3,'zhao@qq.com','15612347795','陕西省西安市莲湖区',92,12,34,'劳动合同','高中','电子工程','哈尔滨理工大学','2018-01-01','在职','00000034',3.5,'2018-04-01',NULL,'2018-01-01','2021-07-14',NULL),(1562,'姚森4','男','1991-02-05','610122199102058952','已婚',1,'河南',3,'yaosen@qq.com','14785559936','河南洛阳人民大道58号',92,15,34,'劳动合同','初中','室内装修设计','西北大学','2017-01-02','在职','00000035',7,'2017-04-02',NULL,'2017-01-02','2024-01-17',NULL),(1563,'云星4','女','1993-01-05','610122199301054789','已婚',1,'陕西西安',1,'yunxing@qq.com','15644442252','陕西西安新城区',92,16,34,'劳务合同','硕士','通信工程','西安电子科技学校','2018-01-01','在职','00000036',5.25,'2018-04-01',NULL,'2018-01-01','2023-04-13',NULL),(1564,'贾旭明4','男','1993-11-11','610122199311111234','已婚',1,'广东广州',4,'jiaxuming@qq.com','15644441234','广东省广州市天河区冼村路',78,15,33,'劳务合同','初中','通信工程','西北大学','2018-01-01','在职','00000037',5.25,'2018-04-01',NULL,'2018-01-01','2023-04-13',NULL),(1565,'张黎明2','男','1991-02-01','610144199102014569','已婚',1,'广东',6,'zhangliming@qq.com','18979994478','广东珠海',91,15,33,'劳动合同','高中','考古','清华大学','2018-01-01','在职','00000038',7,'2018-04-01',NULL,'2018-01-01','2025-01-30',NULL),(1566,'薛磊4','男','1992-07-01','610144199207017895','已婚',1,'陕西西安',13,'xuelei@qq.com','15648887741','西安市雁塔区',92,14,34,'劳动合同','初中','无','华胥中学','2018-01-01','在职','00000039',6,'2018-04-01',NULL,'2018-01-01','2024-01-17',NULL),(1567,'张洁4','女','1990-10-09','420177199010093652','未婚',1,'海南',5,'zhangjie@qq.com','13695557742','海口市美兰区',92,16,34,'劳动合同','高中','无','海南侨中','2018-01-01','在职','00000040',1,'2018-01-31',NULL,'2018-01-01','2019-01-01',NULL),(1568,'江南一点雨5','男','1990-01-01','610122199001011256','已婚',1,'陕西',13,'laowang@qq.com','18565558897','深圳市南山区',8,9,29,'劳动合同','本科','信息管理与信息系统','深圳大学','2018-01-01','在职','00000041',1,'2018-04-01',NULL,'2018-01-01','2019-01-01',NULL),(1569,'陈静5','女','1989-02-01','421288198902011234','已婚',1,'海南',1,'chenjing@qq.com','18795556693','海南省海口市美兰区',82,12,30,'劳动合同','高中','市场营销','武汉大学','2015-06-09','在职','00000042',3,'2015-09-10',NULL,'2015-06-09','2018-06-08',NULL),(1570,'赵琳浩5','男','1993-03-04','610122199303041456','未婚',1,'陕西',3,'zhao@qq.com','15698887795','陕西省西安市莲湖区',91,12,33,'劳动合同','博士','电子工程','哈尔滨理工大学','2018-01-01','在职','00000043',3.5,'2018-04-01',NULL,'2018-01-01','2021-07-14',NULL),(1571,'鹿存亮5','男','1990-01-03','610122199001031456','已婚',1,'陕西',3,'zhao@qq.com','15612347795','陕西省西安市莲湖区',92,12,34,'劳动合同','高中','电子工程','哈尔滨理工大学','2018-01-01','在职','00000044',3.5,'2018-04-01',NULL,'2018-01-01','2021-07-14',NULL),(1572,'姚森5','男','1991-02-05','610122199102058952','已婚',1,'河南',3,'yaosen@qq.com','14785559936','河南洛阳人民大道58号',92,15,34,'劳动合同','初中','室内装修设计','西北大学','2017-01-02','在职','00000045',7,'2017-04-02',NULL,'2017-01-02','2024-01-17',NULL),(1573,'云星5','女','1993-01-05','610122199301054789','已婚',1,'陕西西安',1,'yunxing@qq.com','15644442252','陕西西安新城区',92,16,34,'劳务合同','硕士','通信工程','西安电子科技学校','2018-01-01','在职','00000046',5.25,'2018-04-01',NULL,'2018-01-01','2023-04-13',NULL),(1574,'贾旭明5','男','1993-11-11','610122199311111234','已婚',1,'广东广州',4,'jiaxuming@qq.com','15644441234','广东省广州市天河区冼村路',78,15,33,'劳务合同','初中','通信工程','西北大学','2018-01-01','在职','00000047',5.25,'2018-04-01',NULL,'2018-01-01','2023-04-13',NULL),(1575,'张黎明5','男','1991-02-01','610144199102014569','已婚',1,'广东',6,'zhangliming@qq.com','18979994478','广东珠海',91,15,33,'劳动合同','高中','考古','清华大学','2018-01-01','在职','00000048',7,'2018-04-01',NULL,'2018-01-01','2025-01-30',NULL),(1576,'薛磊5','男','1992-07-01','610144199207017895','已婚',1,'陕西西安',13,'xuelei@qq.com','15648887741','西安市雁塔区',92,14,34,'劳动合同','初中','无','华胥中学','2018-01-01','在职','00000049',6,'2018-04-01',NULL,'2018-01-01','2024-01-17',NULL),(1577,'张洁5','女','1990-10-09','420177199010093652','未婚',1,'海南',5,'zhangjie@qq.com','13695557742','海口市美兰区',92,16,34,'劳动合同','高中','无','海南侨中','2018-01-01','在职','00000050',1,'2018-01-31',NULL,'2018-01-01','2019-01-01',NULL),(1578,'江南一点雨6','男','1990-01-01','610122199001011256','已婚',1,'陕西',13,'laowang@qq.com','18565558897','深圳市南山区',8,9,29,'劳动合同','本科','信息管理与信息系统','深圳大学','2018-01-01','在职','00000051',1,'2018-04-01',NULL,'2018-01-01','2019-01-01',NULL),(1579,'陈静6','女','1989-02-01','421288198902011234','已婚',1,'海南',1,'chenjing@qq.com','18795556693','海南省海口市美兰区',82,12,30,'劳动合同','高中','市场营销','武汉大学','2015-06-09','在职','00000052',3,'2015-09-10',NULL,'2015-06-09','2018-06-08',NULL),(1580,'赵琳浩6','男','1993-03-04','610122199303041456','未婚',1,'陕西',3,'zhao@qq.com','15698887795','陕西省西安市莲湖区',91,12,33,'劳动合同','博士','电子工程','哈尔滨理工大学','2018-01-01','在职','00000053',3.5,'2018-04-01',NULL,'2018-01-01','2021-07-14',NULL),(1581,'鹿存亮6','男','1990-01-03','610122199001031456','已婚',1,'陕西',3,'zhao@qq.com','15612347795','陕西省西安市莲湖区',92,12,34,'劳动合同','高中','电子工程','哈尔滨理工大学','2018-01-01','在职','00000054',3.5,'2018-04-01',NULL,'2018-01-01','2021-07-14',NULL),(1582,'姚森6','男','1991-02-05','610122199102058952','已婚',1,'河南',3,'yaosen@qq.com','14785559936','河南洛阳人民大道58号',92,15,34,'劳动合同','初中','室内装修设计','西北大学','2017-01-02','在职','00000055',7,'2017-04-02',NULL,'2017-01-02','2024-01-17',NULL),(1583,'云星6','女','1993-01-05','610122199301054789','已婚',1,'陕西西安',1,'yunxing@qq.com','15644442252','陕西西安新城区',92,16,34,'劳务合同','硕士','通信工程','西安电子科技学校','2018-01-01','在职','00000056',5.25,'2018-04-01',NULL,'2018-01-01','2023-04-13',NULL),(1584,'江南一点雨','男','1990-01-01','610122199001011256','已婚',1,'陕西',13,'laowang@qq.com','18565558897','深圳市南山区',8,9,29,'劳动合同','本科','信息管理与信息系统','深圳大学','2018-01-01','在职','00000001',1,NULL,NULL,'2018-01-01','2019-01-01',NULL),(1585,'陈静','女','1989-02-01','421288198902011234','已婚',1,'海南',1,'chenjing@qq.com','18795556693','海南省海口市美兰区',82,12,30,'劳动合同','高中','市场营销','武汉大学','2015-06-09','在职','00000002',3,NULL,NULL,'2015-06-09','2018-06-08',NULL),(1586,'赵琳浩','男','1993-03-04','610122199303041456','未婚',1,'陕西',3,'zhao@qq.com','15698887795','陕西省西安市莲湖区',91,12,33,'劳动合同','博士','电子工程','哈尔滨理工大学','2018-01-01','在职','00000003',3.5,NULL,NULL,'2018-01-01','2021-07-14',NULL),(1587,'鹿存亮','男','1990-01-03','610122199001031456','已婚',1,'陕西',3,'zhao@qq.com','15612347795','陕西省西安市莲湖区',92,12,34,'劳动合同','高中','电子工程','哈尔滨理工大学','2018-01-01','在职','00000004',3.5,NULL,NULL,'2018-01-01','2021-07-14',NULL),(1588,'姚森','男','1991-02-05','610122199102058952','已婚',1,'河南',3,'yaosen@qq.com','14785559936','河南洛阳人民大道58号',92,15,34,'劳动合同','初中','室内装修设计','西北大学','2017-01-02','在职','00000005',7,NULL,NULL,'2017-01-02','2024-01-17',NULL),(1589,'贾旭明','男','1993-11-11','610122199311111234','已婚',1,'广东广州',4,'jiaxuming@qq.com','15644441234','广东省广州市天河区冼村路',78,15,33,'劳务合同','初中','通信工程','西北大学','2018-01-01','在职','00000007',5.25,NULL,NULL,'2018-01-01','2023-04-13',NULL),(1590,'张黎明','男','1991-02-01','610144199102014569','已婚',1,'广东',6,'zhangliming@qq.com','18979994478','广东珠海',91,15,33,'劳动合同','高中','考古','清华大学','2018-01-01','在职','00000008',7,NULL,NULL,'2018-01-01','2025-01-30',NULL),(1591,'薛磊','男','1992-07-01','610144199207017895','已婚',1,'陕西西安',13,'xuelei@qq.com','15648887741','西安市雁塔区',92,14,34,'劳动合同','初中','无','华胥中学','2018-01-01','在职','00000009',6,NULL,NULL,'2018-01-01','2024-01-17',NULL),(1592,'张洁','女','1990-10-09','420177199010093652','未婚',1,'海南',5,'zhangjie@qq.com','13695557742','海口市美兰区',92,16,34,'劳动合同','高中','无','海南侨中','2018-01-01','在职','00000010',1,NULL,NULL,'2018-01-01','2019-01-01',NULL),(1593,'江南一点雨2','男','1990-01-01','610122199001011256','已婚',1,'陕西',13,'laowang@qq.com','18565558897','深圳市南山区',8,9,29,'劳动合同','本科','信息管理与信息系统','深圳大学','2018-01-01','在职','00000011',1,NULL,NULL,'2018-01-01','2019-01-01',NULL),(1594,'陈静2','女','1989-02-01','421288198902011234','已婚',1,'海南',1,'chenjing@qq.com','18795556693','海南省海口市美兰区',82,12,30,'劳动合同','高中','市场营销','武汉大学','2015-06-09','在职','00000012',3,NULL,NULL,'2015-06-09','2018-06-08',NULL),(1595,'赵琳浩2','男','1993-03-04','610122199303041456','未婚',1,'陕西',3,'zhao@qq.com','15698887795','陕西省西安市莲湖区',91,12,33,'劳动合同','博士','电子工程','哈尔滨理工大学','2018-01-01','在职','00000013',3.5,NULL,NULL,'2018-01-01','2021-07-14',NULL),(1596,'鹿存亮2','男','1990-01-03','610122199001031456','已婚',1,'陕西',3,'zhao@qq.com','15612347795','陕西省西安市莲湖区',92,12,34,'劳动合同','高中','电子工程','哈尔滨理工大学','2018-01-01','在职','00000014',3.5,NULL,NULL,'2018-01-01','2021-07-14',NULL),(1597,'姚森2','男','1991-02-05','610122199102058952','已婚',1,'河南',3,'yaosen@qq.com','14785559936','河南洛阳人民大道58号',92,15,34,'劳动合同','初中','室内装修设计','西北大学','2017-01-02','在职','00000015',7,NULL,NULL,'2017-01-02','2024-01-17',NULL),(1598,'云星2','女','1993-01-05','610122199301054789','已婚',1,'陕西西安',1,'yunxing@qq.com','15644442252','陕西西安新城区',92,16,34,'劳务合同','硕士','通信工程','西安电子科技学校','2018-01-01','在职','00000016',5.25,NULL,NULL,'2018-01-01','2023-04-13',NULL),(1599,'贾旭明2','男','1993-11-11','610122199311111234','已婚',1,'广东广州',4,'jiaxuming@qq.com','15644441234','广东省广州市天河区冼村路',78,15,33,'劳务合同','初中','通信工程','西北大学','2018-01-01','在职','00000017',5.25,NULL,NULL,'2018-01-01','2023-04-13',NULL),(1600,'王一亭','男','1991-02-01','610144199102014569','已婚',1,'广东',6,'zhangliming@qq.com','18979994478','广东珠海',91,15,33,'劳动合同','高中','考古','清华大学','2018-01-01','在职','00000018',7,NULL,NULL,'2018-01-01','2025-01-30',NULL),(1601,'薛磊2','男','1992-07-01','610144199207017895','已婚',1,'陕西西安',13,'xuelei@qq.com','15648887741','西安市雁塔区',92,14,34,'劳动合同','初中','无','华胥中学','2018-01-01','在职','00000019',1,NULL,NULL,'2018-01-01','2019-01-01',NULL),(1602,'张洁2','女','1990-10-09','420177199010093652','未婚',1,'海南',5,'zhangjie@qq.com','13695557742','海口市美兰区',92,16,34,'劳动合同','高中','无','海南侨中','2018-01-01','在职','00000020',1,NULL,NULL,'2018-01-01','2019-01-01',NULL),(1603,'江南一点雨3','男','1990-01-01','610122199001011256','已婚',1,'陕西',13,'laowang@qq.com','18565558897','深圳市南山区',8,9,29,'劳动合同','本科','信息管理与信息系统','深圳大学','2018-01-01','在职','00000021',1,NULL,NULL,'2018-01-01','2019-01-01',NULL),(1604,'陈静3','女','1989-02-01','421288198902011234','已婚',1,'海南',1,'chenjing@qq.com','18795556693','海南省海口市美兰区',82,12,30,'劳动合同','高中','市场营销','武汉大学','2015-06-09','在职','00000022',3,NULL,NULL,'2015-06-09','2018-06-08',NULL),(1605,'鹿存亮3','男','1990-01-03','610122199001031456','已婚',1,'陕西',3,'zhao@qq.com','15612347795','陕西省西安市莲湖区',92,12,34,'劳动合同','高中','电子工程','哈尔滨理工大学','2018-01-01','在职','00000024',3.5,NULL,NULL,'2018-01-01','2021-07-14',NULL),(1606,'姚森3','男','1991-02-05','610122199102058952','已婚',1,'河南',3,'yaosen@qq.com','14785559936','河南洛阳人民大道58号',92,15,34,'劳动合同','初中','室内装修设计','西北大学','2017-01-02','在职','00000025',7,NULL,NULL,'2017-01-02','2024-01-17',NULL),(1607,'云星3','女','1993-01-05','610122199301054789','已婚',1,'陕西西安',1,'yunxing@qq.com','15644442252','陕西西安新城区',92,16,34,'劳务合同','硕士','通信工程','西安电子科技学校','2018-01-01','在职','00000026',5.25,NULL,NULL,'2018-01-01','2023-04-13',NULL),(1608,'贾旭明3','男','1993-11-11','610122199311111234','已婚',1,'广东广州',4,'jiaxuming@qq.com','15644441234','广东省广州市天河区冼村路',78,15,33,'劳务合同','初中','通信工程','西北大学','2018-01-01','在职','00000027',5.25,NULL,NULL,'2018-01-01','2023-04-13',NULL),(1609,'张黎明3','男','1991-02-01','610144199102014569','已婚',1,'广东',6,'zhangliming@qq.com','18979994478','广东珠海',91,15,33,'劳动合同','高中','考古','清华大学','2018-01-01','在职','00000028',7,NULL,NULL,'2018-01-01','2025-01-30',NULL),(1610,'薛磊3','男','1992-07-01','610144199207017895','已婚',1,'陕西西安',13,'xuelei@qq.com','15648887741','西安市雁塔区',92,14,34,'劳动合同','初中','无','华胥中学','2018-01-01','在职','00000029',6,NULL,NULL,'2018-01-01','2024-01-17',NULL),(1611,'江南一点雨4','男','1990-01-01','610122199001011256','已婚',1,'陕西',13,'laowang@qq.com','18565558897','深圳市南山区',8,9,29,'劳动合同','本科','信息管理与信息系统','深圳大学','2018-01-01','在职','00000031',1,NULL,NULL,'2018-01-01','2019-01-01',NULL),(1612,'陈静4','女','1989-02-01','421288198902011234','已婚',1,'海南',1,'chenjing@qq.com','18795556693','海南省海口市美兰区',82,12,30,'劳动合同','高中','市场营销','武汉大学','2015-06-09','在职','00000032',3,NULL,NULL,'2015-06-09','2018-06-08',NULL),(1613,'赵琳浩4','男','1993-03-04','610122199303041456','未婚',1,'陕西',3,'zhao@qq.com','15698887795','陕西省西安市莲湖区',91,12,33,'劳动合同','博士','电子工程','哈尔滨理工大学','2018-01-01','在职','00000033',3.5,NULL,NULL,'2018-01-01','2021-07-14',NULL),(1614,'鹿存亮4','男','1990-01-03','610122199001031456','已婚',1,'陕西',3,'zhao@qq.com','15612347795','陕西省西安市莲湖区',92,12,34,'劳动合同','高中','电子工程','哈尔滨理工大学','2018-01-01','在职','00000034',3.5,NULL,NULL,'2018-01-01','2021-07-14',NULL),(1615,'姚森4','男','1991-02-05','610122199102058952','已婚',1,'河南',3,'yaosen@qq.com','14785559936','河南洛阳人民大道58号',92,15,34,'劳动合同','初中','室内装修设计','西北大学','2017-01-02','在职','00000035',7,NULL,NULL,'2017-01-02','2024-01-17',NULL),(1616,'云星4','女','1993-01-05','610122199301054789','已婚',1,'陕西西安',1,'yunxing@qq.com','15644442252','陕西西安新城区',92,16,34,'劳务合同','硕士','通信工程','西安电子科技学校','2018-01-01','在职','00000036',5.25,NULL,NULL,'2018-01-01','2023-04-13',NULL),(1617,'贾旭明4','男','1993-11-11','610122199311111234','已婚',1,'广东广州',4,'jiaxuming@qq.com','15644441234','广东省广州市天河区冼村路',78,15,33,'劳务合同','初中','通信工程','西北大学','2018-01-01','在职','00000037',5.25,NULL,NULL,'2018-01-01','2023-04-13',NULL),(1618,'谢工','女','1970-01-01','618177197001011234','离异',1,'江苏',1,'584991843@qq.com','18558887788','北京',91,12,29,'劳动合同','本科','计算机软件','南华大学','2018-01-01','在职','00000038',5,'2019-01-01',NULL,'2018-01-01','2023-01-01',NULL),(1619,'林昭亮','男','1990-01-01','610122199809091234','已婚',1,'广东',13,'584991843@qq.com','16767776654','广东深圳',91,15,33,'劳动合同','大专','计算机软件','广东职业技术学院','2018-01-01','在职','00000039',5,'2018-04-01',NULL,'2018-01-01','2023-01-01',NULL),(1620,'11','男','2018-01-01','610122201801011234','已婚',1,'1',1,'584991843@qq.com','111','1',89,9,29,'劳动合同','本科','1','1','2018-01-01','在职','00000040',4,'2018-04-01',NULL,'2018-01-01','2022-01-26',NULL),(1621,'1','男','2018-01-01','610188199809091234','已婚',1,'1',1,'584991843@qq.com','1','1',89,9,29,'劳动合同','大专','1','1','2018-01-31','在职','00000041',1,'2018-01-31',NULL,'2018-01-31','2019-01-31',NULL),(1622,'1','男','2018-01-01','610122199909090000','已婚',1,'1',1,'584991843@qq.com','1','1',78,9,29,'劳动合同','大专','1','1','2018-01-31','在职','00000042',1,'2018-01-31',NULL,'2018-01-31','2019-01-31',NULL),(1623,'1','男','2018-01-01','610122199909090000','已婚',1,'1',1,'584991843@qq.com','1','1',81,9,29,'劳动合同','大专','1','1','2018-01-31','在职','00000043',0,'2018-01-31',NULL,'2018-01-31','2018-01-31',NULL),(1624,'1','男','2018-01-01','610122199909099999','已婚',1,'1',1,'584991843@qq.com','1','1',87,9,29,'劳动合同','大专','1','1','2018-01-01','在职','00000044',0,'2018-01-01',NULL,'2018-01-01','2018-01-31',NULL),(1625,'1','男','2018-01-01','610122199909099999','已婚',1,'1',1,'584991843@qq.com','1','1',78,9,29,'劳动合同','大专','1','1','2018-01-01','在职','00000045',0,'2018-01-01',NULL,'2018-01-01','2018-01-31',NULL),(1626,'林伯渠','男','2018-01-01','610122199909099999','未婚',1,'1',1,'584991843@qq.com','1','1',8,9,29,'劳动合同','大专','1','1','2018-01-31','在职','00000046',0,'2018-01-31',NULL,'2018-01-31','2018-01-31',NULL),(1627,'1','男','2018-01-01','610122199909091234','已婚',1,'1',1,'584991843@qq.com','1','1',8,9,29,'劳动合同','大专','1','1','2018-01-31','在职','00000047',0,'2018-01-31',NULL,'2018-01-31','2018-01-31',NULL),(1628,'江南一点雨','男','1990-01-01','610122199001011256','已婚',1,'陕西',13,'laowang@qq.com','18565558897','深圳市南山区',5,9,29,'劳务合同','本科','信息管理与信息系统','深圳大学','2018-01-01','在职','00000001',2,NULL,NULL,'2018-01-01','2020-01-01',NULL),(1629,'陈静','女','1989-02-01','421288198902011234','已婚',1,'海南',1,'chenjing@qq.com','18795556693','海南省海口市美兰区',8,12,30,'劳动合同','高中','市场营销','武汉大学','2015-06-09','在职','00000002',3,NULL,NULL,'2015-06-09','2018-06-08',NULL),(1630,'赵琳浩','男','1993-03-04','610122199303041456','未婚',1,'陕西',3,'zhao@qq.com','15698887795','陕西省西安市莲湖区',91,12,33,'劳动合同','博士','电子工程','哈尔滨理工大学','2018-01-01','在职','00000003',3.5,NULL,NULL,'2018-01-01','2021-07-14',NULL),(1631,'鹿存亮','男','1990-01-03','610122199001031456','已婚',1,'陕西',3,'zhao@qq.com','15612347795','陕西省西安市莲湖区',92,12,34,'劳动合同','高中','电子工程','哈尔滨理工大学','2018-01-01','在职','00000004',3.5,NULL,NULL,'2018-01-01','2021-07-14',NULL),(1632,'姚森','男','1991-02-05','610122199102058952','已婚',1,'河南',3,'yaosen@qq.com','14785559936','河南洛阳人民大道58号',92,15,34,'劳动合同','硕士','室内装修设计','西北大学','2017-01-02','在职','00000005',7,NULL,NULL,'2017-01-02','2024-01-17',NULL),(1633,'云星','女','1993-01-05','610122199301054789','已婚',1,'陕西西安',1,'yunxing@qq.com','15644442252','陕西西安新城区',92,16,34,'劳务合同','硕士','通信工程','西安电子科技学校','2018-01-01','在职','00000006',5.25,NULL,NULL,'2018-01-01','2023-04-13',NULL),(1634,'贾旭明','男','1993-11-11','610122199311111234','已婚',1,'广东广州',4,'jiaxuming@qq.com','15644441234','广东省广州市天河区冼村路',78,15,33,'劳务合同','初中','通信工程','西北大学','2018-01-01','在职','00000007',5.25,NULL,NULL,'2018-01-01','2023-04-13',NULL),(1635,'张黎明','男','1991-02-01','610144199102014569','已婚',1,'广东',6,'zhangliming@qq.com','18979994478','广东珠海',91,15,33,'劳动合同','高中','考古','清华大学','2018-01-01','在职','00000008',7,NULL,NULL,'2018-01-01','2025-01-30',NULL),(1636,'薛磊','男','1992-07-01','610144199207017895','已婚',1,'陕西西安',13,'xuelei@qq.com','15648887741','西安市雁塔区',92,14,34,'劳动合同','初中','无','华胥中学','2018-01-01','在职','00000009',6,NULL,NULL,'2018-01-01','2024-01-17',NULL),(1637,'张洁','女','1990-10-09','420177199010093652','未婚',1,'海南',5,'zhangjie@qq.com','13695557742','海口市美兰区',92,16,34,'劳动合同','高中','无','海南侨中','2018-01-01','在职','00000010',1,NULL,NULL,'2018-01-01','2019-01-01',NULL),(1638,'江南一点雨2','男','1990-01-01','610122199001011256','已婚',1,'陕西',13,'laowang@qq.com','18565558897','深圳市南山区',91,9,29,'劳动合同','本科','信息管理与信息系统','深圳大学','2018-01-01','在职','00000011',1,NULL,NULL,'2018-01-01','2019-01-01',NULL),(1639,'陈静2','女','1989-02-01','421288198902011234','已婚',1,'海南',1,'chenjing@qq.com','18795556693','海南省海口市美兰区',82,12,30,'劳动合同','高中','市场营销','武汉大学','2015-06-09','在职','00000012',3,NULL,NULL,'2015-06-09','2018-06-08',NULL),(1640,'赵琳浩2','男','1993-03-04','610122199303041456','未婚',1,'陕西',3,'zhao@qq.com','15698887795','陕西省西安市莲湖区',91,12,33,'劳动合同','博士','电子工程','哈尔滨理工大学','2018-01-01','在职','00000013',3.5,NULL,NULL,'2018-01-01','2021-07-14',NULL),(1641,'鹿存亮2','男','1990-01-03','610122199001031456','已婚',1,'陕西',3,'zhao@qq.com','15612347795','陕西省西安市莲湖区',92,12,34,'劳动合同','高中','电子工程','哈尔滨理工大学','2018-01-01','在职','00000014',3.5,NULL,NULL,'2018-01-01','2021-07-14',NULL),(1642,'姚森2','男','1991-02-05','610122199102058952','已婚',1,'河南',3,'yaosen@qq.com','14785559936','河南洛阳人民大道58号',92,15,34,'劳动合同','初中','室内装修设计','西北大学','2017-01-02','在职','00000015',7,NULL,NULL,'2017-01-02','2024-01-17',NULL),(1643,'云星2','女','1993-01-05','610122199301054789','已婚',1,'陕西西安',1,'yunxing@qq.com','15644442252','陕西西安新城区',92,16,34,'劳务合同','硕士','通信工程','西安电子科技学校','2018-01-01','在职','00000016',5.25,NULL,NULL,'2018-01-01','2023-04-13',NULL),(1644,'贾旭明2','男','1993-11-11','610122199311111234','已婚',1,'广东广州',4,'jiaxuming@qq.com','15644441234','广东省广州市天河区冼村路',78,15,33,'劳务合同','初中','通信工程','西北大学','2018-01-01','在职','00000017',5.25,NULL,NULL,'2018-01-01','2023-04-13',NULL),(1645,'王一亭','男','1991-02-01','610144199102014569','已婚',1,'广东',6,'zhangliming@qq.com','18979994478','广东珠海',91,15,33,'劳动合同','高中','考古','清华大学','2018-01-01','在职','00000018',7,NULL,NULL,'2018-01-01','2025-01-30',NULL),(1646,'薛磊2','男','1992-07-01','610144199207017895','已婚',1,'陕西西安',13,'xuelei@qq.com','15648887741','西安市雁塔区',92,14,34,'劳动合同','初中','无','华胥中学','2018-01-01','在职','00000019',1,NULL,NULL,'2018-01-01','2019-01-01',NULL),(1647,'张洁2','女','1990-10-09','420177199010093652','未婚',1,'海南',5,'zhangjie@qq.com','13695557742','海口市美兰区',92,16,34,'劳动合同','高中','无','海南侨中','2018-01-01','在职','00000020',1,NULL,NULL,'2018-01-01','2019-01-01',NULL),(1648,'江南一点雨3','男','1990-01-01','610122199001011256','已婚',1,'陕西',13,'laowang@qq.com','18565558897','深圳市南山区',8,9,29,'劳动合同','本科','信息管理与信息系统','深圳大学','2018-01-01','在职','00000021',1,NULL,NULL,'2018-01-01','2019-01-01',NULL),(1649,'陈静3','女','1989-02-01','421288198902011234','已婚',1,'海南',1,'chenjing@qq.com','18795556693','海南省海口市美兰区',82,12,30,'劳动合同','高中','市场营销','武汉大学','2015-06-09','在职','00000022',3,NULL,NULL,'2015-06-09','2018-06-08',NULL),(1650,'鹿存亮3','男','1990-01-03','610122199001031456','已婚',1,'陕西',3,'zhao@qq.com','15612347795','陕西省西安市莲湖区',92,12,34,'劳动合同','高中','电子工程','哈尔滨理工大学','2018-01-01','在职','00000024',3.5,NULL,NULL,'2018-01-01','2021-07-14',NULL),(1651,'姚森3','男','1991-02-05','610122199102058952','已婚',1,'河南',3,'yaosen@qq.com','14785559936','河南洛阳人民大道58号',92,15,34,'劳动合同','初中','室内装修设计','西北大学','2017-01-02','在职','00000025',7,NULL,NULL,'2017-01-02','2024-01-17',NULL),(1652,'云星3','女','1993-01-05','610122199301054789','已婚',1,'陕西西安',1,'yunxing@qq.com','15644442252','陕西西安新城区',92,16,34,'劳务合同','硕士','通信工程','西安电子科技学校','2018-01-01','在职','00000026',5.25,NULL,NULL,'2018-01-01','2023-04-13',NULL),(1653,'贾旭明3','男','1993-11-11','610122199311111234','已婚',1,'广东广州',4,'jiaxuming@qq.com','15644441234','广东省广州市天河区冼村路',78,15,33,'劳务合同','初中','通信工程','西北大学','2018-01-01','在职','00000027',5.25,NULL,NULL,'2018-01-01','2023-04-13',NULL),(1654,'张黎明3','男','1991-02-01','610144199102014569','已婚',1,'广东',6,'zhangliming@qq.com','18979994478','广东珠海',91,15,33,'劳动合同','高中','考古','清华大学','2018-01-01','在职','00000028',7,NULL,NULL,'2018-01-01','2025-01-30',NULL),(1655,'薛磊3','男','1992-07-01','610144199207017895','已婚',1,'陕西西安',13,'xuelei@qq.com','15648887741','西安市雁塔区',92,14,34,'劳动合同','初中','无','华胥中学','2018-01-01','在职','00000029',6,NULL,NULL,'2018-01-01','2024-01-17',NULL),(1656,'江南一点雨4','男','1990-01-01','610122199001011256','已婚',1,'陕西',13,'laowang@qq.com','18565558897','深圳市南山区',8,9,29,'劳动合同','本科','信息管理与信息系统','深圳大学','2018-01-01','在职','00000031',1,NULL,NULL,'2018-01-01','2019-01-01',NULL),(1657,'陈静4','女','1989-02-01','421288198902011234','已婚',1,'海南',1,'chenjing@qq.com','18795556693','海南省海口市美兰区',82,12,30,'劳动合同','高中','市场营销','武汉大学','2015-06-09','在职','00000032',3,NULL,NULL,'2015-06-09','2018-06-08',NULL),(1658,'赵琳浩4','男','1993-03-04','610122199303041456','未婚',1,'陕西',3,'zhao@qq.com','15698887795','陕西省西安市莲湖区',91,12,33,'劳动合同','博士','电子工程','哈尔滨理工大学','2018-01-01','在职','00000033',3.5,NULL,NULL,'2018-01-01','2021-07-14',NULL),(1659,'鹿存亮4','男','1990-01-03','610122199001031456','已婚',1,'陕西',3,'zhao@qq.com','15612347795','陕西省西安市莲湖区',92,12,34,'劳动合同','高中','电子工程','哈尔滨理工大学','2018-01-01','在职','00000034',3.5,NULL,NULL,'2018-01-01','2021-07-14',NULL),(1660,'姚森4','男','1991-02-05','610122199102058952','已婚',1,'河南',3,'yaosen@qq.com','14785559936','河南洛阳人民大道58号',92,15,34,'劳动合同','初中','室内装修设计','西北大学','2017-01-02','在职','00000035',7,NULL,NULL,'2017-01-02','2024-01-17',NULL),(1661,'云星4','女','1993-01-05','610122199301054789','已婚',1,'陕西西安',1,'yunxing@qq.com','15644442252','陕西西安新城区',92,16,34,'劳务合同','硕士','通信工程','西安电子科技学校','2018-01-01','在职','00000036',5.25,NULL,NULL,'2018-01-01','2023-04-13',NULL),(1662,'贾旭明4','男','1993-11-11','610122199311111234','已婚',1,'广东广州',4,'jiaxuming@qq.com','15644441234','广东省广州市天河区冼村路',78,15,33,'劳务合同','初中','通信工程','西北大学','2018-01-01','在职','00000037',5.25,NULL,NULL,'2018-01-01','2023-04-13',NULL),(1663,'张黎明2','男','1991-02-01','610144199102014569','已婚',1,'广东',6,'zhangliming@qq.com','18979994478','广东珠海',91,15,33,'劳动合同','高中','考古','清华大学','2018-01-01','在职','00000038',7,NULL,NULL,'2018-01-01','2025-01-30',NULL),(1664,'薛磊4','男','1992-07-01','610144199207017895','已婚',1,'陕西西安',13,'xuelei@qq.com','15648887741','西安市雁塔区',92,14,34,'劳动合同','初中','无','华胥中学','2018-01-01','在职','00000039',6,NULL,NULL,'2018-01-01','2024-01-17',NULL),(1665,'张洁4','女','1990-10-09','420177199010093652','未婚',1,'海南',5,'zhangjie@qq.com','13695557742','海口市美兰区',92,16,34,'劳动合同','高中','无','海南侨中','2018-01-01','在职','00000040',1,NULL,NULL,'2018-01-01','2019-01-01',NULL),(1666,'江南一点雨5','男','1990-01-01','610122199001011256','已婚',1,'陕西',13,'laowang@qq.com','18565558897','深圳市南山区',8,9,29,'劳动合同','本科','信息管理与信息系统','深圳大学','2018-01-01','在职','00000041',1,NULL,NULL,'2018-01-01','2019-01-01',NULL),(1667,'陈静5','女','1989-02-01','421288198902011234','已婚',1,'海南',1,'chenjing@qq.com','18795556693','海南省海口市美兰区',82,12,30,'劳动合同','高中','市场营销','武汉大学','2015-06-09','在职','00000042',3,NULL,NULL,'2015-06-09','2018-06-08',NULL),(1668,'赵琳浩5','男','1993-03-04','610122199303041456','未婚',1,'陕西',3,'zhao@qq.com','15698887795','陕西省西安市莲湖区',91,12,33,'劳动合同','博士','电子工程','哈尔滨理工大学','2018-01-01','在职','00000043',3.5,NULL,NULL,'2018-01-01','2021-07-14',NULL),(1669,'鹿存亮5','男','1990-01-03','610122199001031456','已婚',1,'陕西',3,'zhao@qq.com','15612347795','陕西省西安市莲湖区',92,12,34,'劳动合同','高中','电子工程','哈尔滨理工大学','2018-01-01','在职','00000044',3.5,NULL,NULL,'2018-01-01','2021-07-14',NULL),(1670,'姚森5','男','1991-02-05','610122199102058952','已婚',1,'河南',3,'yaosen@qq.com','14785559936','河南洛阳人民大道58号',92,15,34,'劳动合同','初中','室内装修设计','西北大学','2017-01-02','在职','00000045',7,NULL,NULL,'2017-01-02','2024-01-17',NULL),(1671,'云星5','女','1993-01-05','610122199301054789','已婚',1,'陕西西安',1,'yunxing@qq.com','15644442252','陕西西安新城区',92,16,34,'劳务合同','硕士','通信工程','西安电子科技学校','2018-01-01','在职','00000046',5.25,NULL,NULL,'2018-01-01','2023-04-13',NULL),(1672,'贾旭明5','男','1993-11-11','610122199311111234','已婚',1,'广东广州',4,'jiaxuming@qq.com','15644441234','广东省广州市天河区冼村路',78,15,33,'劳务合同','初中','通信工程','西北大学','2018-01-01','在职','00000047',5.25,NULL,NULL,'2018-01-01','2023-04-13',NULL),(1673,'张黎明5','男','1991-02-01','610144199102014569','已婚',1,'广东',6,'zhangliming@qq.com','18979994478','广东珠海',91,15,33,'劳动合同','高中','考古','清华大学','2018-01-01','在职','00000048',7,NULL,NULL,'2018-01-01','2025-01-30',NULL),(1674,'薛磊5','男','1992-07-01','610144199207017895','已婚',1,'陕西西安',13,'xuelei@qq.com','15648887741','西安市雁塔区',92,14,34,'劳动合同','初中','无','华胥中学','2018-01-01','在职','00000049',6,NULL,NULL,'2018-01-01','2024-01-17',NULL),(1675,'张洁5','女','1990-10-09','420177199010093652','未婚',1,'海南',5,'zhangjie@qq.com','13695557742','海口市美兰区',92,16,34,'劳动合同','高中','无','海南侨中','2018-01-01','在职','00000050',1,NULL,NULL,'2018-01-01','2019-01-01',NULL),(1676,'江南一点雨6','男','1990-01-01','610122199001011256','已婚',1,'陕西',13,'laowang@qq.com','18565558897','深圳市南山区',8,9,29,'劳动合同','本科','信息管理与信息系统','深圳大学','2018-01-01','在职','00000051',1,NULL,NULL,'2018-01-01','2019-01-01',NULL),(1677,'陈静6','女','1989-02-01','421288198902011234','已婚',1,'海南',1,'chenjing@qq.com','18795556693','海南省海口市美兰区',82,12,30,'劳动合同','高中','市场营销','武汉大学','2015-06-09','在职','00000052',3,NULL,NULL,'2015-06-09','2018-06-08',NULL),(1678,'赵琳浩6','男','1993-03-04','610122199303041456','未婚',1,'陕西',3,'zhao@qq.com','15698887795','陕西省西安市莲湖区',91,12,33,'劳动合同','博士','电子工程','哈尔滨理工大学','2018-01-01','在职','00000053',3.5,NULL,NULL,'2018-01-01','2021-07-14',NULL),(1679,'鹿存亮6','男','1990-01-03','610122199001031456','已婚',1,'陕西',3,'zhao@qq.com','15612347795','陕西省西安市莲湖区',92,12,34,'劳动合同','高中','电子工程','哈尔滨理工大学','2018-01-01','在职','00000054',3.5,NULL,NULL,'2018-01-01','2021-07-14',NULL),(1680,'姚森6','男','1991-02-05','610122199102058952','已婚',1,'河南',3,'yaosen@qq.com','14785559936','河南洛阳人民大道58号',92,15,34,'劳动合同','初中','室内装修设计','西北大学','2017-01-02','在职','00000055',7,NULL,NULL,'2017-01-02','2024-01-17',NULL),(1681,'云星6','女','1993-01-05','610122199301054789','已婚',1,'陕西西安',1,'yunxing@qq.com','15644442252','陕西西安新城区',92,16,34,'劳务合同','硕士','通信工程','西安电子科技学校','2018-01-01','在职','00000056',5.25,NULL,NULL,'2018-01-01','2023-04-13',NULL),(1682,'江南一点雨','男','1990-01-01','610122199001011256','已婚',1,'陕西',13,'laowang@qq.com','18565558897','深圳市南山区',8,9,29,'劳动合同','本科','信息管理与信息系统','深圳大学','2018-01-01','在职','00000001',1,NULL,NULL,'2018-01-01','2019-01-01',NULL),(1683,'陈静','女','1989-02-01','421288198902011234','已婚',1,'海南',1,'chenjing@qq.com','18795556693','海南省海口市美兰区',82,12,30,'劳动合同','高中','市场营销','武汉大学','2015-06-09','在职','00000002',3,NULL,NULL,'2015-06-09','2018-06-08',NULL),(1684,'赵琳浩','男','1993-03-04','610122199303041456','未婚',1,'陕西',3,'zhao@qq.com','15698887795','陕西省西安市莲湖区',91,12,33,'劳动合同','博士','电子工程','哈尔滨理工大学','2018-01-01','在职','00000003',3.5,NULL,NULL,'2018-01-01','2021-07-14',NULL),(1685,'鹿存亮','男','1990-01-03','610122199001031456','已婚',1,'陕西',3,'zhao@qq.com','15612347795','陕西省西安市莲湖区',92,12,34,'劳动合同','高中','电子工程','哈尔滨理工大学','2018-01-01','在职','00000004',3.5,NULL,NULL,'2018-01-01','2021-07-14',NULL),(1686,'姚森','男','1991-02-05','610122199102058952','已婚',1,'河南',3,'yaosen@qq.com','14785559936','河南洛阳人民大道58号',92,15,34,'劳动合同','初中','室内装修设计','西北大学','2017-01-02','在职','00000005',7,NULL,NULL,'2017-01-02','2024-01-17',NULL),(1687,'贾旭明','男','1993-11-11','610122199311111234','已婚',1,'广东广州',4,'jiaxuming@qq.com','15644441234','广东省广州市天河区冼村路',78,15,33,'劳务合同','初中','通信工程','西北大学','2018-01-01','在职','00000007',5.25,NULL,NULL,'2018-01-01','2023-04-13',NULL),(1688,'张黎明','男','1991-02-01','610144199102014569','已婚',1,'广东',6,'zhangliming@qq.com','18979994478','广东珠海',91,15,33,'劳动合同','高中','考古','清华大学','2018-01-01','在职','00000008',7,NULL,NULL,'2018-01-01','2025-01-30',NULL),(1689,'薛磊','男','1992-07-01','610144199207017895','已婚',1,'陕西西安',13,'xuelei@qq.com','15648887741','西安市雁塔区',92,14,34,'劳动合同','初中','无','华胥中学','2018-01-01','在职','00000009',6,NULL,NULL,'2018-01-01','2024-01-17',NULL),(1690,'张洁','女','1990-10-09','420177199010093652','未婚',1,'海南',5,'zhangjie@qq.com','13695557742','海口市美兰区',92,16,34,'劳动合同','高中','无','海南侨中','2018-01-01','在职','00000010',1,NULL,NULL,'2018-01-01','2019-01-01',NULL),(1691,'江南一点雨2','男','1990-01-01','610122199001011256','已婚',1,'陕西',13,'laowang@qq.com','18565558897','深圳市南山区',8,9,29,'劳动合同','本科','信息管理与信息系统','深圳大学','2018-01-01','在职','00000011',1,NULL,NULL,'2018-01-01','2019-01-01',NULL),(1692,'陈静2','女','1989-02-01','421288198902011234','已婚',1,'海南',1,'chenjing@qq.com','18795556693','海南省海口市美兰区',82,12,30,'劳动合同','高中','市场营销','武汉大学','2015-06-09','在职','00000012',3,NULL,NULL,'2015-06-09','2018-06-08',NULL),(1693,'赵琳浩2','男','1993-03-04','610122199303041456','未婚',1,'陕西',3,'zhao@qq.com','15698887795','陕西省西安市莲湖区',91,12,33,'劳动合同','博士','电子工程','哈尔滨理工大学','2018-01-01','在职','00000013',3.5,NULL,NULL,'2018-01-01','2021-07-14',NULL),(1694,'鹿存亮2','男','1990-01-03','610122199001031456','已婚',1,'陕西',3,'zhao@qq.com','15612347795','陕西省西安市莲湖区',92,12,34,'劳动合同','高中','电子工程','哈尔滨理工大学','2018-01-01','在职','00000014',3.5,NULL,NULL,'2018-01-01','2021-07-14',NULL),(1695,'姚森2','男','1991-02-05','610122199102058952','已婚',1,'河南',3,'yaosen@qq.com','14785559936','河南洛阳人民大道58号',92,15,34,'劳动合同','初中','室内装修设计','西北大学','2017-01-02','在职','00000015',7,NULL,NULL,'2017-01-02','2024-01-17',NULL),(1696,'云星2','女','1993-01-05','610122199301054789','已婚',1,'陕西西安',1,'yunxing@qq.com','15644442252','陕西西安新城区',92,16,34,'劳务合同','硕士','通信工程','西安电子科技学校','2018-01-01','在职','00000016',5.25,NULL,NULL,'2018-01-01','2023-04-13',NULL),(1697,'贾旭明2','男','1993-11-11','610122199311111234','已婚',1,'广东广州',4,'jiaxuming@qq.com','15644441234','广东省广州市天河区冼村路',78,15,33,'劳务合同','初中','通信工程','西北大学','2018-01-01','在职','00000017',5.25,NULL,NULL,'2018-01-01','2023-04-13',NULL),(1698,'王一亭','男','1991-02-01','610144199102014569','已婚',1,'广东',6,'zhangliming@qq.com','18979994478','广东珠海',91,15,33,'劳动合同','高中','考古','清华大学','2018-01-01','在职','00000018',7,NULL,NULL,'2018-01-01','2025-01-30',NULL),(1699,'薛磊2','男','1992-07-01','610144199207017895','已婚',1,'陕西西安',13,'xuelei@qq.com','15648887741','西安市雁塔区',92,14,34,'劳动合同','初中','无','华胥中学','2018-01-01','在职','00000019',1,NULL,NULL,'2018-01-01','2019-01-01',NULL),(1700,'张洁2','女','1990-10-09','420177199010093652','未婚',1,'海南',5,'zhangjie@qq.com','13695557742','海口市美兰区',92,16,34,'劳动合同','高中','无','海南侨中','2018-01-01','在职','00000020',1,NULL,NULL,'2018-01-01','2019-01-01',NULL),(1701,'江南一点雨3','男','1990-01-01','610122199001011256','已婚',1,'陕西',13,'laowang@qq.com','18565558897','深圳市南山区',8,9,29,'劳动合同','本科','信息管理与信息系统','深圳大学','2018-01-01','在职','00000021',1,NULL,NULL,'2018-01-01','2019-01-01',NULL),(1702,'陈静3','女','1989-02-01','421288198902011234','已婚',1,'海南',1,'chenjing@qq.com','18795556693','海南省海口市美兰区',82,12,30,'劳动合同','高中','市场营销','武汉大学','2015-06-09','在职','00000022',3,NULL,NULL,'2015-06-09','2018-06-08',NULL),(1703,'鹿存亮3','男','1990-01-03','610122199001031456','已婚',1,'陕西',3,'zhao@qq.com','15612347795','陕西省西安市莲湖区',92,12,34,'劳动合同','高中','电子工程','哈尔滨理工大学','2018-01-01','在职','00000024',3.5,NULL,NULL,'2018-01-01','2021-07-14',NULL),(1704,'姚森3','男','1991-02-05','610122199102058952','已婚',1,'河南',3,'yaosen@qq.com','14785559936','河南洛阳人民大道58号',92,15,34,'劳动合同','初中','室内装修设计','西北大学','2017-01-02','在职','00000025',7,NULL,NULL,'2017-01-02','2024-01-17',NULL),(1705,'云星3','女','1993-01-05','610122199301054789','已婚',1,'陕西西安',1,'yunxing@qq.com','15644442252','陕西西安新城区',92,16,34,'劳务合同','硕士','通信工程','西安电子科技学校','2018-01-01','在职','00000026',5.25,NULL,NULL,'2018-01-01','2023-04-13',NULL),(1706,'贾旭明3','男','1993-11-11','610122199311111234','已婚',1,'广东广州',4,'jiaxuming@qq.com','15644441234','广东省广州市天河区冼村路',78,15,33,'劳务合同','初中','通信工程','西北大学','2018-01-01','在职','00000027',5.25,NULL,NULL,'2018-01-01','2023-04-13',NULL),(1707,'张黎明3','男','1991-02-01','610144199102014569','已婚',1,'广东',6,'zhangliming@qq.com','18979994478','广东珠海',91,15,33,'劳动合同','高中','考古','清华大学','2018-01-01','在职','00000028',7,NULL,NULL,'2018-01-01','2025-01-30',NULL),(1708,'薛磊3','男','1992-07-01','610144199207017895','已婚',1,'陕西西安',13,'xuelei@qq.com','15648887741','西安市雁塔区',92,14,34,'劳动合同','初中','无','华胥中学','2018-01-01','在职','00000029',6,NULL,NULL,'2018-01-01','2024-01-17',NULL),(1709,'江南一点雨4','男','1990-01-01','610122199001011256','已婚',1,'陕西',13,'laowang@qq.com','18565558897','深圳市南山区',8,9,29,'劳动合同','本科','信息管理与信息系统','深圳大学','2018-01-01','在职','00000031',1,NULL,NULL,'2018-01-01','2019-01-01',NULL),(1710,'陈静4','女','1989-02-01','421288198902011234','已婚',1,'海南',1,'chenjing@qq.com','18795556693','海南省海口市美兰区',82,12,30,'劳动合同','高中','市场营销','武汉大学','2015-06-09','在职','00000032',3,NULL,NULL,'2015-06-09','2018-06-08',NULL),(1711,'赵琳浩4','男','1993-03-04','610122199303041456','未婚',1,'陕西',3,'zhao@qq.com','15698887795','陕西省西安市莲湖区',91,12,33,'劳动合同','博士','电子工程','哈尔滨理工大学','2018-01-01','在职','00000033',3.5,NULL,NULL,'2018-01-01','2021-07-14',NULL),(1712,'鹿存亮4','男','1990-01-03','610122199001031456','已婚',1,'陕西',3,'zhao@qq.com','15612347795','陕西省西安市莲湖区',92,12,34,'劳动合同','高中','电子工程','哈尔滨理工大学','2018-01-01','在职','00000034',3.5,NULL,NULL,'2018-01-01','2021-07-14',NULL),(1713,'姚森4','男','1991-02-05','610122199102058952','已婚',1,'河南',3,'yaosen@qq.com','14785559936','河南洛阳人民大道58号',92,15,34,'劳动合同','初中','室内装修设计','西北大学','2017-01-02','在职','00000035',7,NULL,NULL,'2017-01-02','2024-01-17',NULL),(1714,'云星4','女','1993-01-05','610122199301054789','已婚',1,'陕西西安',1,'yunxing@qq.com','15644442252','陕西西安新城区',92,16,34,'劳务合同','硕士','通信工程','西安电子科技学校','2018-01-01','在职','00000036',5.25,NULL,NULL,'2018-01-01','2023-04-13',NULL),(1715,'贾旭明4','男','1993-11-11','610122199311111234','已婚',1,'广东广州',4,'jiaxuming@qq.com','15644441234','广东省广州市天河区冼村路',78,15,33,'劳务合同','初中','通信工程','西北大学','2018-01-01','在职','00000037',5.25,NULL,NULL,'2018-01-01','2023-04-13',NULL),(1716,'谢工','女','1970-01-01','618177197001011234','离异',1,'江苏',1,'584991843@qq.com','18558887788','北京',91,12,29,'劳动合同','本科','计算机软件','南华大学','2018-01-01','在职','00000038',5,NULL,NULL,'2018-01-01','2023-01-01',NULL),(1717,'林昭亮','男','1990-01-01','610122199809091234','已婚',1,'广东',13,'584991843@qq.com','16767776654','广东深圳',91,15,33,'劳动合同','大专','计算机软件','广东职业技术学院','2018-01-01','在职','00000039',5,NULL,NULL,'2018-01-01','2023-01-01',NULL),(1718,'11','男','2018-01-01','610122201801011234','已婚',1,'1',1,'584991843@qq.com','111','1',89,9,29,'劳动合同','本科','1','1','2018-01-01','在职','00000040',4,NULL,NULL,'2018-01-01','2022-01-26',NULL),(1719,'1','男','2018-01-01','610188199809091234','已婚',1,'1',1,'584991843@qq.com','1','1',89,9,29,'劳动合同','大专','1','1','2018-01-31','在职','00000041',1,NULL,NULL,'2018-01-31','2019-01-31',NULL),(1720,'1','男','2018-01-01','610122199909090000','已婚',1,'1',1,'584991843@qq.com','1','1',78,9,29,'劳动合同','大专','1','1','2018-01-31','在职','00000042',1,NULL,NULL,'2018-01-31','2019-01-31',NULL),(1721,'1','男','2018-01-01','610122199909090000','已婚',1,'1',1,'584991843@qq.com','1','1',81,9,29,'劳动合同','大专','1','1','2018-01-31','在职','00000043',0,NULL,NULL,'2018-01-31','2018-01-31',NULL),(1722,'1','男','2018-01-01','610122199909099999','已婚',1,'1',1,'584991843@qq.com','1','1',87,9,29,'劳动合同','大专','1','1','2018-01-01','在职','00000044',0,NULL,NULL,'2018-01-01','2018-01-31',NULL),(1723,'1','男','2018-01-01','610122199909099999','已婚',1,'1',1,'584991843@qq.com','1','1',78,9,29,'劳动合同','大专','1','1','2018-01-01','在职','00000045',0,NULL,NULL,'2018-01-01','2018-01-31',NULL),(1724,'林伯渠','男','2018-01-01','610122199909099999','未婚',1,'1',1,'584991843@qq.com','1','1',8,9,29,'劳动合同','大专','1','1','2018-01-31','在职','00000046',0,NULL,NULL,'2018-01-31','2018-01-31',NULL),(1725,'1','男','2018-01-01','610122199909091234','已婚',1,'1',1,'584991843@qq.com','1','1',8,9,29,'劳动合同','大专','1','1','2018-01-31','在职','00000047',0,NULL,NULL,'2018-01-31','2018-01-31',NULL),(1726,'javaboy','男','1989-12-31','610122199001011256','已婚',1,'陕西',13,'laowang@qq.com','18565558897','深圳市南山区',5,9,29,'劳务合同','本科','信息管理与信息系统','深圳大学','2017-12-31','在职','00000057',2,'2018-03-31',NULL,'2017-12-31','2019-12-31',NULL),(1727,'javaboy','男','1989-12-31','610122199001011256','已婚',1,'陕西',13,'laowang@qq.com','18565558897','深圳市南山区',93,9,29,'劳务合同','本科','信息管理与信息系统','深圳大学','2019-11-05','在职','00000058',2,'2018-03-31',NULL,'2017-12-31','2019-12-31',NULL),(1728,'javaboy','男','1989-12-31','610122199001011256','已婚',1,'',13,'laowang@qq.com','18565558897','深圳市南山区',93,9,29,'劳务合同','本科','信息管理与信息系统','深圳大学','2019-11-05','在职','00000059',2,'2018-03-31',NULL,'2017-12-31','2019-12-31',NULL),(1729,'javaboy','男','1989-12-31','610122199001011256','已婚',1,'陕西',13,'laowan@123.com','18565558897','深圳市南山区',5,9,29,'劳务合同','本科','信息管理与信息系统','深圳大学','2017-12-31','在职','00000060',2,'2018-03-31',NULL,'2017-12-31','2019-12-31',NULL),(1730,'javaboy','男','1989-12-31','610122199001011256','已婚',1,'陕西',13,'laowan@123.com','18565558897','深圳市南山区',5,9,29,'劳务合同','本科','信息管理与信息系统','深圳大学','2017-12-31','在职','00000060',2,'2018-03-31',NULL,'2017-12-31','2019-12-31',NULL),(1731,'javaboy','男','1989-12-31','610122199001011256','已婚',1,'陕西',13,'laowang@qq.com','18565558897','深圳市南山区',91,9,29,'劳务合同','本科','信息管理与信息系统','深圳大学','2017-12-31','在职','00000061',2,'2018-03-31',NULL,'2017-12-31','2019-12-31',NULL),(1732,'javaboy','男','1989-12-31','610122199001011256','已婚',1,'陕西',13,'laowang@qq.com','18565558897','深圳市南山区',91,9,29,'劳务合同','本科','信息管理与信息系统','深圳大学','2017-12-31','在职','00000062',6.17,'2018-03-31',NULL,'2017-12-31','2024-02-29',NULL),(1733,'javaboy666','男','2019-11-10','610122199911111111','已婚',1,'广东',13,'123@qq.com','12345678901','广东深圳',78,9,29,'劳动合同','本科','信管','深圳大学','2019-11-10','在职','00000063',3.25,'2020-02-10',NULL,'2019-11-10','2023-02-22',NULL),(1734,'javaboy666','男','2019-11-10','610122199911111111','已婚',1,'广东',13,'123@qq.com','12345678901','广东深圳',78,9,29,'劳动合同','本科','信管','深圳大学','2019-11-10','在职','00000063',3.25,'2020-02-10',NULL,'2019-11-10','2023-02-22',NULL),(1735,'江南一点雨','男','1990-01-01','610122199001011256','已婚',1,'陕西',13,'laowang@qq.com','18565558897','深圳市南山区',5,9,29,'劳务合同','本科','信息管理与信息系统','深圳大学','2018-01-01','在职','00000001',2,'2018-04-01',NULL,'2018-01-01','2020-01-01',NULL),(1736,'陈静','女','1989-02-01','421288198902011234','已婚',1,'海南',1,'chenjing@qq.com','18795556693','海南省海口市美兰区',91,12,29,'劳动合同','高中','市场营销','武汉大学','2015-06-09','在职','00000002',3,'2015-09-10',NULL,'2015-06-09','2018-06-08',NULL),(1737,'赵琳浩','男','1993-03-04','610122199303041456','未婚',1,'陕西',3,'zhao@qq.com','15698887795','陕西省西安市莲湖区',91,12,33,'劳动合同','博士','电子工程','哈尔滨理工大学','2018-01-01','在职','00000003',3.5,'2018-04-01',NULL,'2018-01-01','2021-07-14',NULL),(1738,'鹿存亮','男','1990-01-03','610122199001031456','已婚',1,'陕西',3,'zhao@qq.com','15612347795','陕西省西安市莲湖区',92,12,34,'劳动合同','高中','电子工程','哈尔滨理工大学','2018-01-01','在职','00000004',3.5,'2018-04-01',NULL,'2018-01-01','2021-07-14',NULL),(1739,'姚森','男','1991-02-05','610122199102058952','已婚',1,'河南',3,'yaosen@qq.com','14785559936','河南洛阳人民大道58号',92,15,34,'劳动合同','硕士','室内装修设计','西北大学','2017-01-02','在职','00000005',7,'2017-04-02',NULL,'2017-01-02','2024-01-17',NULL),(1740,'云星','女','1993-01-05','610122199301054789','已婚',1,'陕西西安',1,'yunxing@qq.com','15644442252','陕西西安新城区',92,16,34,'劳务合同','硕士','通信工程','西安电子科技学校','2018-01-01','在职','00000006',5.25,'2018-04-01',NULL,'2018-01-01','2023-04-13',NULL),(1741,'贾旭明','男','1993-11-11','610122199311111234','已婚',1,'广东广州',4,'jiaxuming@qq.com','15644441234','广东省广州市天河区冼村路',78,15,33,'劳务合同','初中','通信工程','西北大学','2018-01-01','在职','00000007',5.25,'2018-04-01',NULL,'2018-01-01','2023-04-13',NULL),(1742,'张黎明','男','1991-02-01','610144199102014569','已婚',1,'广东',6,'zhangliming@qq.com','18979994478','广东珠海',91,15,33,'劳动合同','高中','考古','清华大学','2018-01-01','在职','00000008',7,'2018-04-01',NULL,'2018-01-01','2025-01-30',NULL),(1743,'薛磊','男','1992-07-01','610144199207017895','已婚',1,'陕西西安',13,'xuelei@qq.com','15648887741','西安市雁塔区',92,14,34,'劳动合同','初中','无','华胥中学','2018-01-01','在职','00000009',6,'2018-04-01',NULL,'2018-01-01','2024-01-17',NULL),(1744,'张洁','女','1990-10-09','420177199010093652','未婚',1,'海南',5,'zhangjie@qq.com','13695557742','海口市美兰区',92,16,34,'劳动合同','高中','无','海南侨中','2018-01-01','在职','00000010',1,'2018-01-31',NULL,'2018-01-01','2019-01-01',NULL),(1745,'江南一点雨2','男','1990-01-01','610122199001011256','已婚',1,'陕西',13,'laowang@qq.com','18565558897','深圳市南山区',91,9,29,'劳动合同','本科','信息管理与信息系统','深圳大学','2018-01-01','在职','00000011',1,'2018-04-01',NULL,'2018-01-01','2019-01-01',NULL),(1746,'陈静2','女','1989-02-01','421288198902011234','已婚',1,'海南',1,'chenjing@qq.com','18795556693','海南省海口市美兰区',82,12,30,'劳动合同','高中','市场营销','武汉大学','2015-06-09','在职','00000012',3,'2015-09-10',NULL,'2015-06-09','2018-06-08',NULL),(1747,'赵琳浩2','男','1993-03-04','610122199303041456','未婚',1,'陕西',3,'zhao@qq.com','15698887795','陕西省西安市莲湖区',91,12,33,'劳动合同','博士','电子工程','哈尔滨理工大学','2018-01-01','在职','00000013',3.5,'2018-04-01',NULL,'2018-01-01','2021-07-14',NULL),(1748,'鹿存亮2','男','1990-01-03','610122199001031456','已婚',1,'陕西',3,'zhao@qq.com','15612347795','陕西省西安市莲湖区',92,12,34,'劳动合同','高中','电子工程','哈尔滨理工大学','2018-01-01','在职','00000014',3.5,'2018-04-01',NULL,'2018-01-01','2021-07-14',NULL),(1749,'姚森2','男','1991-02-05','610122199102058952','已婚',1,'河南',3,'yaosen@qq.com','14785559936','河南洛阳人民大道58号',92,15,34,'劳动合同','初中','室内装修设计','西北大学','2017-01-02','在职','00000015',7,'2017-04-02',NULL,'2017-01-02','2024-01-17',NULL),(1750,'云星2','女','1993-01-05','610122199301054789','已婚',1,'陕西西安',1,'yunxing@qq.com','15644442252','陕西西安新城区',92,16,34,'劳务合同','硕士','通信工程','西安电子科技学校','2018-01-01','在职','00000016',5.25,'2018-04-01',NULL,'2018-01-01','2023-04-13',NULL),(1751,'贾旭明2','男','1993-11-11','610122199311111234','已婚',1,'广东广州',4,'jiaxuming@qq.com','15644441234','广东省广州市天河区冼村路',78,15,33,'劳务合同','初中','通信工程','西北大学','2018-01-01','在职','00000017',5.25,'2018-04-01',NULL,'2018-01-01','2023-04-13',NULL),(1752,'王一亭','男','1991-02-01','610144199102014569','已婚',1,'广东',6,'zhangliming@qq.com','18979994478','广东珠海',91,15,33,'劳动合同','高中','考古','清华大学','2018-01-01','在职','00000018',7,'2018-04-01',NULL,'2018-01-01','2025-01-30',NULL),(1753,'薛磊2','男','1992-07-01','610144199207017895','已婚',1,'陕西西安',13,'xuelei@qq.com','15648887741','西安市雁塔区',92,14,34,'劳动合同','初中','无','华胥中学','2018-01-01','在职','00000019',1,'2018-04-01',NULL,'2018-01-01','2019-01-01',NULL),(1754,'张洁2','女','1990-10-09','420177199010093652','未婚',1,'海南',5,'zhangjie@qq.com','13695557742','海口市美兰区',92,16,34,'劳动合同','高中','无','海南侨中','2018-01-01','在职','00000020',1,'2018-01-31',NULL,'2018-01-01','2019-01-01',NULL),(1755,'江南一点雨3','男','1990-01-01','610122199001011256','已婚',1,'陕西',13,'laowang@qq.com','18565558897','深圳市南山区',8,9,29,'劳动合同','本科','信息管理与信息系统','深圳大学','2018-01-01','在职','00000021',1,'2018-04-01',NULL,'2018-01-01','2019-01-01',NULL),(1756,'陈静3','女','1989-02-01','421288198902011234','已婚',1,'海南',1,'chenjing@qq.com','18795556693','海南省海口市美兰区',82,12,30,'劳动合同','高中','市场营销','武汉大学','2015-06-09','在职','00000022',3,'2015-09-10',NULL,'2015-06-09','2018-06-08',NULL),(1757,'鹿存亮3','男','1990-01-03','610122199001031456','已婚',1,'陕西',3,'zhao@qq.com','15612347795','陕西省西安市莲湖区',92,12,34,'劳动合同','高中','电子工程','哈尔滨理工大学','2018-01-01','在职','00000024',3.5,'2018-04-01',NULL,'2018-01-01','2021-07-14',NULL),(1758,'姚森3','男','1991-02-05','610122199102058952','已婚',1,'河南',3,'yaosen@qq.com','14785559936','河南洛阳人民大道58号',92,15,34,'劳动合同','初中','室内装修设计','西北大学','2017-01-02','在职','00000025',7,'2017-04-02',NULL,'2017-01-02','2024-01-17',NULL),(1759,'云星3','女','1993-01-05','610122199301054789','已婚',1,'陕西西安',1,'yunxing@qq.com','15644442252','陕西西安新城区',92,16,34,'劳务合同','硕士','通信工程','西安电子科技学校','2018-01-01','在职','00000026',5.25,'2018-04-01',NULL,'2018-01-01','2023-04-13',NULL),(1760,'贾旭明3','男','1993-11-11','610122199311111234','已婚',1,'广东广州',4,'jiaxuming@qq.com','15644441234','广东省广州市天河区冼村路',78,15,33,'劳务合同','初中','通信工程','西北大学','2018-01-01','在职','00000027',5.25,'2018-04-01',NULL,'2018-01-01','2023-04-13',NULL),(1761,'张黎明3','男','1991-02-01','610144199102014569','已婚',1,'广东',6,'zhangliming@qq.com','18979994478','广东珠海',91,15,33,'劳动合同','高中','考古','清华大学','2018-01-01','在职','00000028',7,'2018-04-01',NULL,'2018-01-01','2025-01-30',NULL),(1762,'薛磊3','男','1992-07-01','610144199207017895','已婚',1,'陕西西安',13,'xuelei@qq.com','15648887741','西安市雁塔区',92,14,34,'劳动合同','初中','无','华胥中学','2018-01-01','在职','00000029',6,'2018-04-01',NULL,'2018-01-01','2024-01-17',NULL),(1763,'江南一点雨4','男','1990-01-01','610122199001011256','已婚',1,'陕西',13,'laowang@qq.com','18565558897','深圳市南山区',8,9,29,'劳动合同','本科','信息管理与信息系统','深圳大学','2018-01-01','在职','00000031',1,'2018-04-01',NULL,'2018-01-01','2019-01-01',NULL),(1764,'陈静4','女','1989-02-01','421288198902011234','已婚',1,'海南',1,'chenjing@qq.com','18795556693','海南省海口市美兰区',82,12,30,'劳动合同','高中','市场营销','武汉大学','2015-06-09','在职','00000032',3,'2015-09-10',NULL,'2015-06-09','2018-06-08',NULL),(1765,'赵琳浩4','男','1993-03-04','610122199303041456','未婚',1,'陕西',3,'zhao@qq.com','15698887795','陕西省西安市莲湖区',91,12,33,'劳动合同','博士','电子工程','哈尔滨理工大学','2018-01-01','在职','00000033',3.5,'2018-04-01',NULL,'2018-01-01','2021-07-14',NULL),(1766,'鹿存亮4','男','1990-01-03','610122199001031456','已婚',1,'陕西',3,'zhao@qq.com','15612347795','陕西省西安市莲湖区',92,12,34,'劳动合同','高中','电子工程','哈尔滨理工大学','2018-01-01','在职','00000034',3.5,'2018-04-01',NULL,'2018-01-01','2021-07-14',NULL),(1767,'姚森4','男','1991-02-05','610122199102058952','已婚',1,'河南',3,'yaosen@qq.com','14785559936','河南洛阳人民大道58号',92,15,34,'劳动合同','初中','室内装修设计','西北大学','2017-01-02','在职','00000035',7,'2017-04-02',NULL,'2017-01-02','2024-01-17',NULL),(1768,'云星4','女','1993-01-05','610122199301054789','已婚',1,'陕西西安',1,'yunxing@qq.com','15644442252','陕西西安新城区',92,16,34,'劳务合同','硕士','通信工程','西安电子科技学校','2018-01-01','在职','00000036',5.25,'2018-04-01',NULL,'2018-01-01','2023-04-13',NULL),(1769,'贾旭明4','男','1993-11-11','610122199311111234','已婚',1,'广东广州',4,'jiaxuming@qq.com','15644441234','广东省广州市天河区冼村路',78,15,33,'劳务合同','初中','通信工程','西北大学','2018-01-01','在职','00000037',5.25,'2018-04-01',NULL,'2018-01-01','2023-04-13',NULL),(1770,'张黎明2','男','1991-02-01','610144199102014569','已婚',1,'广东',6,'zhangliming@qq.com','18979994478','广东珠海',91,15,33,'劳动合同','高中','考古','清华大学','2018-01-01','在职','00000038',7,'2018-04-01',NULL,'2018-01-01','2025-01-30',NULL),(1771,'薛磊4','男','1992-07-01','610144199207017895','已婚',1,'陕西西安',13,'xuelei@qq.com','15648887741','西安市雁塔区',92,14,34,'劳动合同','初中','无','华胥中学','2018-01-01','在职','00000039',6,'2018-04-01',NULL,'2018-01-01','2024-01-17',NULL),(1772,'张洁4','女','1990-10-09','420177199010093652','未婚',1,'海南',5,'zhangjie@qq.com','13695557742','海口市美兰区',92,16,34,'劳动合同','高中','无','海南侨中','2018-01-01','在职','00000040',1,'2018-01-31',NULL,'2018-01-01','2019-01-01',NULL),(1773,'江南一点雨5','男','1990-01-01','610122199001011256','已婚',1,'陕西',13,'laowang@qq.com','18565558897','深圳市南山区',8,9,29,'劳动合同','本科','信息管理与信息系统','深圳大学','2018-01-01','在职','00000041',1,'2018-04-01',NULL,'2018-01-01','2019-01-01',NULL),(1774,'陈静5','女','1989-02-01','421288198902011234','已婚',1,'海南',1,'chenjing@qq.com','18795556693','海南省海口市美兰区',82,12,30,'劳动合同','高中','市场营销','武汉大学','2015-06-09','在职','00000042',3,'2015-09-10',NULL,'2015-06-09','2018-06-08',NULL),(1775,'赵琳浩5','男','1993-03-04','610122199303041456','未婚',1,'陕西',3,'zhao@qq.com','15698887795','陕西省西安市莲湖区',91,12,33,'劳动合同','博士','电子工程','哈尔滨理工大学','2018-01-01','在职','00000043',3.5,'2018-04-01',NULL,'2018-01-01','2021-07-14',NULL),(1776,'鹿存亮5','男','1990-01-03','610122199001031456','已婚',1,'陕西',3,'zhao@qq.com','15612347795','陕西省西安市莲湖区',92,12,34,'劳动合同','高中','电子工程','哈尔滨理工大学','2018-01-01','在职','00000044',3.5,'2018-04-01',NULL,'2018-01-01','2021-07-14',NULL),(1777,'姚森5','男','1991-02-05','610122199102058952','已婚',1,'河南',3,'yaosen@qq.com','14785559936','河南洛阳人民大道58号',92,15,34,'劳动合同','初中','室内装修设计','西北大学','2017-01-02','在职','00000045',7,'2017-04-02',NULL,'2017-01-02','2024-01-17',NULL),(1778,'云星5','女','1993-01-05','610122199301054789','已婚',1,'陕西西安',1,'yunxing@qq.com','15644442252','陕西西安新城区',92,16,34,'劳务合同','硕士','通信工程','西安电子科技学校','2018-01-01','在职','00000046',5.25,'2018-04-01',NULL,'2018-01-01','2023-04-13',NULL),(1779,'贾旭明5','男','1993-11-11','610122199311111234','已婚',1,'广东广州',4,'jiaxuming@qq.com','15644441234','广东省广州市天河区冼村路',78,15,33,'劳务合同','初中','通信工程','西北大学','2018-01-01','在职','00000047',5.25,'2018-04-01',NULL,'2018-01-01','2023-04-13',NULL),(1780,'张黎明5','男','1991-02-01','610144199102014569','已婚',1,'广东',6,'zhangliming@qq.com','18979994478','广东珠海',91,15,33,'劳动合同','高中','考古','清华大学','2018-01-01','在职','00000048',7,'2018-04-01',NULL,'2018-01-01','2025-01-30',NULL),(1781,'薛磊5','男','1992-07-01','610144199207017895','已婚',1,'陕西西安',13,'xuelei@qq.com','15648887741','西安市雁塔区',92,14,34,'劳动合同','初中','无','华胥中学','2018-01-01','在职','00000049',6,'2018-04-01',NULL,'2018-01-01','2024-01-17',NULL),(1782,'张洁5','女','1990-10-09','420177199010093652','未婚',1,'海南',5,'zhangjie@qq.com','13695557742','海口市美兰区',92,16,34,'劳动合同','高中','无','海南侨中','2018-01-01','在职','00000050',1,'2018-01-31',NULL,'2018-01-01','2019-01-01',NULL),(1783,'江南一点雨6','男','1990-01-01','610122199001011256','已婚',1,'陕西',13,'laowang@qq.com','18565558897','深圳市南山区',8,9,29,'劳动合同','本科','信息管理与信息系统','深圳大学','2018-01-01','在职','00000051',1,'2018-04-01',NULL,'2018-01-01','2019-01-01',NULL),(1784,'陈静6','女','1989-02-01','421288198902011234','已婚',1,'海南',1,'chenjing@qq.com','18795556693','海南省海口市美兰区',82,12,30,'劳动合同','高中','市场营销','武汉大学','2015-06-09','在职','00000052',3,'2015-09-10',NULL,'2015-06-09','2018-06-08',NULL),(1785,'赵琳浩6','男','1993-03-04','610122199303041456','未婚',1,'陕西',3,'zhao@qq.com','15698887795','陕西省西安市莲湖区',91,12,33,'劳动合同','博士','电子工程','哈尔滨理工大学','2018-01-01','在职','00000053',3.5,'2018-04-01',NULL,'2018-01-01','2021-07-14',NULL),(1786,'鹿存亮6','男','1990-01-03','610122199001031456','已婚',1,'陕西',3,'zhao@qq.com','15612347795','陕西省西安市莲湖区',92,12,34,'劳动合同','高中','电子工程','哈尔滨理工大学','2018-01-01','在职','00000054',3.5,'2018-04-01',NULL,'2018-01-01','2021-07-14',NULL),(1787,'姚森6','男','1991-02-05','610122199102058952','已婚',1,'河南',3,'yaosen@qq.com','14785559936','河南洛阳人民大道58号',92,15,34,'劳动合同','初中','室内装修设计','西北大学','2017-01-02','在职','00000055',7,'2017-04-02',NULL,'2017-01-02','2024-01-17',NULL),(1788,'云星6','女','1993-01-05','610122199301054789','已婚',1,'陕西西安',1,'yunxing@qq.com','15644442252','陕西西安新城区',92,16,34,'劳务合同','硕士','通信工程','西安电子科技学校','2018-01-01','在职','00000056',5.25,'2018-04-01',NULL,'2018-01-01','2023-04-13',NULL),(1789,'江南一点雨','男','1990-01-01','610122199001011256','已婚',1,'陕西',13,'laowang@qq.com','18565558897','深圳市南山区',8,9,29,'劳动合同','本科','信息管理与信息系统','深圳大学','2018-01-01','在职','00000001',1,NULL,NULL,'2018-01-01','2019-01-01',NULL),(1790,'陈静','女','1989-02-01','421288198902011234','已婚',1,'海南',1,'chenjing@qq.com','18795556693','海南省海口市美兰区',82,12,30,'劳动合同','高中','市场营销','武汉大学','2015-06-09','在职','00000002',3,NULL,NULL,'2015-06-09','2018-06-08',NULL),(1791,'赵琳浩','男','1993-03-04','610122199303041456','未婚',1,'陕西',3,'zhao@qq.com','15698887795','陕西省西安市莲湖区',91,12,33,'劳动合同','博士','电子工程','哈尔滨理工大学','2018-01-01','在职','00000003',3.5,NULL,NULL,'2018-01-01','2021-07-14',NULL),(1792,'鹿存亮','男','1990-01-03','610122199001031456','已婚',1,'陕西',3,'zhao@qq.com','15612347795','陕西省西安市莲湖区',92,12,34,'劳动合同','高中','电子工程','哈尔滨理工大学','2018-01-01','在职','00000004',3.5,NULL,NULL,'2018-01-01','2021-07-14',NULL),(1793,'姚森','男','1991-02-05','610122199102058952','已婚',1,'河南',3,'yaosen@qq.com','14785559936','河南洛阳人民大道58号',92,15,34,'劳动合同','初中','室内装修设计','西北大学','2017-01-02','在职','00000005',7,NULL,NULL,'2017-01-02','2024-01-17',NULL),(1794,'贾旭明','男','1993-11-11','610122199311111234','已婚',1,'广东广州',4,'jiaxuming@qq.com','15644441234','广东省广州市天河区冼村路',78,15,33,'劳务合同','初中','通信工程','西北大学','2018-01-01','在职','00000007',5.25,NULL,NULL,'2018-01-01','2023-04-13',NULL),(1795,'张黎明','男','1991-02-01','610144199102014569','已婚',1,'广东',6,'zhangliming@qq.com','18979994478','广东珠海',91,15,33,'劳动合同','高中','考古','清华大学','2018-01-01','在职','00000008',7,NULL,NULL,'2018-01-01','2025-01-30',NULL),(1796,'薛磊','男','1992-07-01','610144199207017895','已婚',1,'陕西西安',13,'xuelei@qq.com','15648887741','西安市雁塔区',92,14,34,'劳动合同','初中','无','华胥中学','2018-01-01','在职','00000009',6,NULL,NULL,'2018-01-01','2024-01-17',NULL),(1797,'张洁','女','1990-10-09','420177199010093652','未婚',1,'海南',5,'zhangjie@qq.com','13695557742','海口市美兰区',92,16,34,'劳动合同','高中','无','海南侨中','2018-01-01','在职','00000010',1,NULL,NULL,'2018-01-01','2019-01-01',NULL),(1798,'江南一点雨2','男','1990-01-01','610122199001011256','已婚',1,'陕西',13,'laowang@qq.com','18565558897','深圳市南山区',8,9,29,'劳动合同','本科','信息管理与信息系统','深圳大学','2018-01-01','在职','00000011',1,NULL,NULL,'2018-01-01','2019-01-01',NULL),(1799,'陈静2','女','1989-02-01','421288198902011234','已婚',1,'海南',1,'chenjing@qq.com','18795556693','海南省海口市美兰区',82,12,30,'劳动合同','高中','市场营销','武汉大学','2015-06-09','在职','00000012',3,NULL,NULL,'2015-06-09','2018-06-08',NULL),(1800,'赵琳浩2','男','1993-03-04','610122199303041456','未婚',1,'陕西',3,'zhao@qq.com','15698887795','陕西省西安市莲湖区',91,12,33,'劳动合同','博士','电子工程','哈尔滨理工大学','2018-01-01','在职','00000013',3.5,NULL,NULL,'2018-01-01','2021-07-14',NULL),(1801,'鹿存亮2','男','1990-01-03','610122199001031456','已婚',1,'陕西',3,'zhao@qq.com','15612347795','陕西省西安市莲湖区',92,12,34,'劳动合同','高中','电子工程','哈尔滨理工大学','2018-01-01','在职','00000014',3.5,NULL,NULL,'2018-01-01','2021-07-14',NULL),(1802,'姚森2','男','1991-02-05','610122199102058952','已婚',1,'河南',3,'yaosen@qq.com','14785559936','河南洛阳人民大道58号',92,15,34,'劳动合同','初中','室内装修设计','西北大学','2017-01-02','在职','00000015',7,NULL,NULL,'2017-01-02','2024-01-17',NULL),(1803,'云星2','女','1993-01-05','610122199301054789','已婚',1,'陕西西安',1,'yunxing@qq.com','15644442252','陕西西安新城区',92,16,34,'劳务合同','硕士','通信工程','西安电子科技学校','2018-01-01','在职','00000016',5.25,NULL,NULL,'2018-01-01','2023-04-13',NULL),(1804,'贾旭明2','男','1993-11-11','610122199311111234','已婚',1,'广东广州',4,'jiaxuming@qq.com','15644441234','广东省广州市天河区冼村路',78,15,33,'劳务合同','初中','通信工程','西北大学','2018-01-01','在职','00000017',5.25,NULL,NULL,'2018-01-01','2023-04-13',NULL),(1805,'王一亭','男','1991-02-01','610144199102014569','已婚',1,'广东',6,'zhangliming@qq.com','18979994478','广东珠海',91,15,33,'劳动合同','高中','考古','清华大学','2018-01-01','在职','00000018',7,NULL,NULL,'2018-01-01','2025-01-30',NULL),(1806,'薛磊2','男','1992-07-01','610144199207017895','已婚',1,'陕西西安',13,'xuelei@qq.com','15648887741','西安市雁塔区',92,14,34,'劳动合同','初中','无','华胥中学','2018-01-01','在职','00000019',1,NULL,NULL,'2018-01-01','2019-01-01',NULL),(1807,'张洁2','女','1990-10-09','420177199010093652','未婚',1,'海南',5,'zhangjie@qq.com','13695557742','海口市美兰区',92,16,34,'劳动合同','高中','无','海南侨中','2018-01-01','在职','00000020',1,NULL,NULL,'2018-01-01','2019-01-01',NULL),(1808,'江南一点雨3','男','1990-01-01','610122199001011256','已婚',1,'陕西',13,'laowang@qq.com','18565558897','深圳市南山区',8,9,29,'劳动合同','本科','信息管理与信息系统','深圳大学','2018-01-01','在职','00000021',1,NULL,NULL,'2018-01-01','2019-01-01',NULL),(1809,'陈静3','女','1989-02-01','421288198902011234','已婚',1,'海南',1,'chenjing@qq.com','18795556693','海南省海口市美兰区',82,12,30,'劳动合同','高中','市场营销','武汉大学','2015-06-09','在职','00000022',3,NULL,NULL,'2015-06-09','2018-06-08',NULL),(1810,'鹿存亮3','男','1990-01-03','610122199001031456','已婚',1,'陕西',3,'zhao@qq.com','15612347795','陕西省西安市莲湖区',92,12,34,'劳动合同','高中','电子工程','哈尔滨理工大学','2018-01-01','在职','00000024',3.5,NULL,NULL,'2018-01-01','2021-07-14',NULL),(1811,'姚森3','男','1991-02-05','610122199102058952','已婚',1,'河南',3,'yaosen@qq.com','14785559936','河南洛阳人民大道58号',92,15,34,'劳动合同','初中','室内装修设计','西北大学','2017-01-02','在职','00000025',7,NULL,NULL,'2017-01-02','2024-01-17',NULL),(1812,'云星3','女','1993-01-05','610122199301054789','已婚',1,'陕西西安',1,'yunxing@qq.com','15644442252','陕西西安新城区',92,16,34,'劳务合同','硕士','通信工程','西安电子科技学校','2018-01-01','在职','00000026',5.25,NULL,NULL,'2018-01-01','2023-04-13',NULL),(1813,'贾旭明3','男','1993-11-11','610122199311111234','已婚',1,'广东广州',4,'jiaxuming@qq.com','15644441234','广东省广州市天河区冼村路',78,15,33,'劳务合同','初中','通信工程','西北大学','2018-01-01','在职','00000027',5.25,NULL,NULL,'2018-01-01','2023-04-13',NULL),(1814,'张黎明3','男','1991-02-01','610144199102014569','已婚',1,'广东',6,'zhangliming@qq.com','18979994478','广东珠海',91,15,33,'劳动合同','高中','考古','清华大学','2018-01-01','在职','00000028',7,NULL,NULL,'2018-01-01','2025-01-30',NULL),(1815,'薛磊3','男','1992-07-01','610144199207017895','已婚',1,'陕西西安',13,'xuelei@qq.com','15648887741','西安市雁塔区',92,14,34,'劳动合同','初中','无','华胥中学','2018-01-01','在职','00000029',6,NULL,NULL,'2018-01-01','2024-01-17',NULL),(1816,'江南一点雨4','男','1990-01-01','610122199001011256','已婚',1,'陕西',13,'laowang@qq.com','18565558897','深圳市南山区',8,9,29,'劳动合同','本科','信息管理与信息系统','深圳大学','2018-01-01','在职','00000031',1,NULL,NULL,'2018-01-01','2019-01-01',NULL),(1817,'陈静4','女','1989-02-01','421288198902011234','已婚',1,'海南',1,'chenjing@qq.com','18795556693','海南省海口市美兰区',82,12,30,'劳动合同','高中','市场营销','武汉大学','2015-06-09','在职','00000032',3,NULL,NULL,'2015-06-09','2018-06-08',NULL),(1818,'赵琳浩4','男','1993-03-04','610122199303041456','未婚',1,'陕西',3,'zhao@qq.com','15698887795','陕西省西安市莲湖区',91,12,33,'劳动合同','博士','电子工程','哈尔滨理工大学','2018-01-01','在职','00000033',3.5,NULL,NULL,'2018-01-01','2021-07-14',NULL),(1819,'鹿存亮4','男','1990-01-03','610122199001031456','已婚',1,'陕西',3,'zhao@qq.com','15612347795','陕西省西安市莲湖区',92,12,34,'劳动合同','高中','电子工程','哈尔滨理工大学','2018-01-01','在职','00000034',3.5,NULL,NULL,'2018-01-01','2021-07-14',NULL),(1820,'姚森4','男','1991-02-05','610122199102058952','已婚',1,'河南',3,'yaosen@qq.com','14785559936','河南洛阳人民大道58号',92,15,34,'劳动合同','初中','室内装修设计','西北大学','2017-01-02','在职','00000035',7,NULL,NULL,'2017-01-02','2024-01-17',NULL),(1821,'云星4','女','1993-01-05','610122199301054789','已婚',1,'陕西西安',1,'yunxing@qq.com','15644442252','陕西西安新城区',92,16,34,'劳务合同','硕士','通信工程','西安电子科技学校','2018-01-01','在职','00000036',5.25,NULL,NULL,'2018-01-01','2023-04-13',NULL),(1822,'贾旭明4','男','1993-11-11','610122199311111234','已婚',1,'广东广州',4,'jiaxuming@qq.com','15644441234','广东省广州市天河区冼村路',78,15,33,'劳务合同','初中','通信工程','西北大学','2018-01-01','在职','00000037',5.25,NULL,NULL,'2018-01-01','2023-04-13',NULL),(1823,'谢工','女','1970-01-01','618177197001011234','离异',1,'江苏',1,'584991843@qq.com','18558887788','北京',91,12,29,'劳动合同','本科','计算机软件','南华大学','2018-01-01','在职','00000038',5,'2019-01-01',NULL,'2018-01-01','2023-01-01',NULL),(1824,'林昭亮','男','1990-01-01','610122199809091234','已婚',1,'广东',13,'584991843@qq.com','16767776654','广东深圳',91,15,33,'劳动合同','大专','计算机软件','广东职业技术学院','2018-01-01','在职','00000039',5,'2018-04-01',NULL,'2018-01-01','2023-01-01',NULL),(1825,'11','男','2018-01-01','610122201801011234','已婚',1,'1',1,'584991843@qq.com','111','1',89,9,29,'劳动合同','本科','1','1','2018-01-01','在职','00000040',4,'2018-04-01',NULL,'2018-01-01','2022-01-26',NULL),(1826,'1','男','2018-01-01','610188199809091234','已婚',1,'1',1,'584991843@qq.com','1','1',89,9,29,'劳动合同','大专','1','1','2018-01-31','在职','00000041',1,'2018-01-31',NULL,'2018-01-31','2019-01-31',NULL),(1827,'1','男','2018-01-01','610122199909090000','已婚',1,'1',1,'584991843@qq.com','1','1',78,9,29,'劳动合同','大专','1','1','2018-01-31','在职','00000042',1,'2018-01-31',NULL,'2018-01-31','2019-01-31',NULL),(1828,'1','男','2018-01-01','610122199909090000','已婚',1,'1',1,'584991843@qq.com','1','1',81,9,29,'劳动合同','大专','1','1','2018-01-31','在职','00000043',0,'2018-01-31',NULL,'2018-01-31','2018-01-31',NULL),(1829,'1','男','2018-01-01','610122199909099999','已婚',1,'1',1,'584991843@qq.com','1','1',87,9,29,'劳动合同','大专','1','1','2018-01-01','在职','00000044',0,'2018-01-01',NULL,'2018-01-01','2018-01-31',NULL),(1830,'1','男','2018-01-01','610122199909099999','已婚',1,'1',1,'584991843@qq.com','1','1',78,9,29,'劳动合同','大专','1','1','2018-01-01','在职','00000045',0,'2018-01-01',NULL,'2018-01-01','2018-01-31',NULL),(1831,'林伯渠','男','2018-01-01','610122199909099999','未婚',1,'1',1,'584991843@qq.com','1','1',8,9,29,'劳动合同','大专','1','1','2018-01-31','在职','00000046',0,'2018-01-31',NULL,'2018-01-31','2018-01-31',NULL),(1832,'1','男','2018-01-01','610122199909091234','已婚',1,'1',1,'584991843@qq.com','1','1',8,9,29,'劳动合同','大专','1','1','2018-01-31','在职','00000047',0,'2018-01-31',NULL,'2018-01-31','2018-01-31',NULL),(1833,'江南一点雨','男','1990-01-01','610122199001011256','已婚',1,'陕西',13,'laowang@qq.com','18565558897','深圳市南山区',5,9,29,'劳务合同','本科','信息管理与信息系统','深圳大学','2018-01-01','在职','00000001',2,NULL,NULL,'2018-01-01','2020-01-01',NULL),(1834,'陈静','女','1989-02-01','421288198902011234','已婚',1,'海南',1,'chenjing@qq.com','18795556693','海南省海口市美兰区',8,12,30,'劳动合同','高中','市场营销','武汉大学','2015-06-09','在职','00000002',3,NULL,NULL,'2015-06-09','2018-06-08',NULL),(1835,'赵琳浩','男','1993-03-04','610122199303041456','未婚',1,'陕西',3,'zhao@qq.com','15698887795','陕西省西安市莲湖区',91,12,33,'劳动合同','博士','电子工程','哈尔滨理工大学','2018-01-01','在职','00000003',3.5,NULL,NULL,'2018-01-01','2021-07-14',NULL),(1836,'鹿存亮','男','1990-01-03','610122199001031456','已婚',1,'陕西',3,'zhao@qq.com','15612347795','陕西省西安市莲湖区',92,12,34,'劳动合同','高中','电子工程','哈尔滨理工大学','2018-01-01','在职','00000004',3.5,NULL,NULL,'2018-01-01','2021-07-14',NULL),(1837,'姚森','男','1991-02-05','610122199102058952','已婚',1,'河南',3,'yaosen@qq.com','14785559936','河南洛阳人民大道58号',92,15,34,'劳动合同','硕士','室内装修设计','西北大学','2017-01-02','在职','00000005',7,NULL,NULL,'2017-01-02','2024-01-17',NULL),(1838,'云星','女','1993-01-05','610122199301054789','已婚',1,'陕西西安',1,'yunxing@qq.com','15644442252','陕西西安新城区',92,16,34,'劳务合同','硕士','通信工程','西安电子科技学校','2018-01-01','在职','00000006',5.25,NULL,NULL,'2018-01-01','2023-04-13',NULL),(1839,'贾旭明','男','1993-11-11','610122199311111234','已婚',1,'广东广州',4,'jiaxuming@qq.com','15644441234','广东省广州市天河区冼村路',78,15,33,'劳务合同','初中','通信工程','西北大学','2018-01-01','在职','00000007',5.25,NULL,NULL,'2018-01-01','2023-04-13',NULL),(1840,'张黎明','男','1991-02-01','610144199102014569','已婚',1,'广东',6,'zhangliming@qq.com','18979994478','广东珠海',91,15,33,'劳动合同','高中','考古','清华大学','2018-01-01','在职','00000008',7,NULL,NULL,'2018-01-01','2025-01-30',NULL),(1841,'薛磊','男','1992-07-01','610144199207017895','已婚',1,'陕西西安',13,'xuelei@qq.com','15648887741','西安市雁塔区',92,14,34,'劳动合同','初中','无','华胥中学','2018-01-01','在职','00000009',6,NULL,NULL,'2018-01-01','2024-01-17',NULL),(1842,'张洁','女','1990-10-09','420177199010093652','未婚',1,'海南',5,'zhangjie@qq.com','13695557742','海口市美兰区',92,16,34,'劳动合同','高中','无','海南侨中','2018-01-01','在职','00000010',1,NULL,NULL,'2018-01-01','2019-01-01',NULL),(1843,'江南一点雨2','男','1990-01-01','610122199001011256','已婚',1,'陕西',13,'laowang@qq.com','18565558897','深圳市南山区',91,9,29,'劳动合同','本科','信息管理与信息系统','深圳大学','2018-01-01','在职','00000011',1,NULL,NULL,'2018-01-01','2019-01-01',NULL),(1844,'陈静2','女','1989-02-01','421288198902011234','已婚',1,'海南',1,'chenjing@qq.com','18795556693','海南省海口市美兰区',82,12,30,'劳动合同','高中','市场营销','武汉大学','2015-06-09','在职','00000012',3,NULL,NULL,'2015-06-09','2018-06-08',NULL),(1845,'赵琳浩2','男','1993-03-04','610122199303041456','未婚',1,'陕西',3,'zhao@qq.com','15698887795','陕西省西安市莲湖区',91,12,33,'劳动合同','博士','电子工程','哈尔滨理工大学','2018-01-01','在职','00000013',3.5,NULL,NULL,'2018-01-01','2021-07-14',NULL),(1846,'鹿存亮2','男','1990-01-03','610122199001031456','已婚',1,'陕西',3,'zhao@qq.com','15612347795','陕西省西安市莲湖区',92,12,34,'劳动合同','高中','电子工程','哈尔滨理工大学','2018-01-01','在职','00000014',3.5,NULL,NULL,'2018-01-01','2021-07-14',NULL),(1847,'姚森2','男','1991-02-05','610122199102058952','已婚',1,'河南',3,'yaosen@qq.com','14785559936','河南洛阳人民大道58号',92,15,34,'劳动合同','初中','室内装修设计','西北大学','2017-01-02','在职','00000015',7,NULL,NULL,'2017-01-02','2024-01-17',NULL),(1848,'云星2','女','1993-01-05','610122199301054789','已婚',1,'陕西西安',1,'yunxing@qq.com','15644442252','陕西西安新城区',92,16,34,'劳务合同','硕士','通信工程','西安电子科技学校','2018-01-01','在职','00000016',5.25,NULL,NULL,'2018-01-01','2023-04-13',NULL),(1849,'贾旭明2','男','1993-11-11','610122199311111234','已婚',1,'广东广州',4,'jiaxuming@qq.com','15644441234','广东省广州市天河区冼村路',78,15,33,'劳务合同','初中','通信工程','西北大学','2018-01-01','在职','00000017',5.25,NULL,NULL,'2018-01-01','2023-04-13',NULL),(1850,'王一亭','男','1991-02-01','610144199102014569','已婚',1,'广东',6,'zhangliming@qq.com','18979994478','广东珠海',91,15,33,'劳动合同','高中','考古','清华大学','2018-01-01','在职','00000018',7,NULL,NULL,'2018-01-01','2025-01-30',NULL),(1851,'薛磊2','男','1992-07-01','610144199207017895','已婚',1,'陕西西安',13,'xuelei@qq.com','15648887741','西安市雁塔区',92,14,34,'劳动合同','初中','无','华胥中学','2018-01-01','在职','00000019',1,NULL,NULL,'2018-01-01','2019-01-01',NULL),(1852,'张洁2','女','1990-10-09','420177199010093652','未婚',1,'海南',5,'zhangjie@qq.com','13695557742','海口市美兰区',92,16,34,'劳动合同','高中','无','海南侨中','2018-01-01','在职','00000020',1,NULL,NULL,'2018-01-01','2019-01-01',NULL),(1853,'江南一点雨3','男','1990-01-01','610122199001011256','已婚',1,'陕西',13,'laowang@qq.com','18565558897','深圳市南山区',8,9,29,'劳动合同','本科','信息管理与信息系统','深圳大学','2018-01-01','在职','00000021',1,NULL,NULL,'2018-01-01','2019-01-01',NULL),(1854,'陈静3','女','1989-02-01','421288198902011234','已婚',1,'海南',1,'chenjing@qq.com','18795556693','海南省海口市美兰区',82,12,30,'劳动合同','高中','市场营销','武汉大学','2015-06-09','在职','00000022',3,NULL,NULL,'2015-06-09','2018-06-08',NULL),(1855,'鹿存亮3','男','1990-01-03','610122199001031456','已婚',1,'陕西',3,'zhao@qq.com','15612347795','陕西省西安市莲湖区',92,12,34,'劳动合同','高中','电子工程','哈尔滨理工大学','2018-01-01','在职','00000024',3.5,NULL,NULL,'2018-01-01','2021-07-14',NULL),(1856,'姚森3','男','1991-02-05','610122199102058952','已婚',1,'河南',3,'yaosen@qq.com','14785559936','河南洛阳人民大道58号',92,15,34,'劳动合同','初中','室内装修设计','西北大学','2017-01-02','在职','00000025',7,NULL,NULL,'2017-01-02','2024-01-17',NULL),(1857,'云星3','女','1993-01-05','610122199301054789','已婚',1,'陕西西安',1,'yunxing@qq.com','15644442252','陕西西安新城区',92,16,34,'劳务合同','硕士','通信工程','西安电子科技学校','2018-01-01','在职','00000026',5.25,NULL,NULL,'2018-01-01','2023-04-13',NULL),(1858,'贾旭明3','男','1993-11-11','610122199311111234','已婚',1,'广东广州',4,'jiaxuming@qq.com','15644441234','广东省广州市天河区冼村路',78,15,33,'劳务合同','初中','通信工程','西北大学','2018-01-01','在职','00000027',5.25,NULL,NULL,'2018-01-01','2023-04-13',NULL),(1859,'张黎明3','男','1991-02-01','610144199102014569','已婚',1,'广东',6,'zhangliming@qq.com','18979994478','广东珠海',91,15,33,'劳动合同','高中','考古','清华大学','2018-01-01','在职','00000028',7,NULL,NULL,'2018-01-01','2025-01-30',NULL),(1860,'薛磊3','男','1992-07-01','610144199207017895','已婚',1,'陕西西安',13,'xuelei@qq.com','15648887741','西安市雁塔区',92,14,34,'劳动合同','初中','无','华胥中学','2018-01-01','在职','00000029',6,NULL,NULL,'2018-01-01','2024-01-17',NULL),(1861,'江南一点雨4','男','1990-01-01','610122199001011256','已婚',1,'陕西',13,'laowang@qq.com','18565558897','深圳市南山区',8,9,29,'劳动合同','本科','信息管理与信息系统','深圳大学','2018-01-01','在职','00000031',1,NULL,NULL,'2018-01-01','2019-01-01',NULL),(1862,'陈静4','女','1989-02-01','421288198902011234','已婚',1,'海南',1,'chenjing@qq.com','18795556693','海南省海口市美兰区',82,12,30,'劳动合同','高中','市场营销','武汉大学','2015-06-09','在职','00000032',3,NULL,NULL,'2015-06-09','2018-06-08',NULL),(1863,'赵琳浩4','男','1993-03-04','610122199303041456','未婚',1,'陕西',3,'zhao@qq.com','15698887795','陕西省西安市莲湖区',91,12,33,'劳动合同','博士','电子工程','哈尔滨理工大学','2018-01-01','在职','00000033',3.5,NULL,NULL,'2018-01-01','2021-07-14',NULL),(1864,'鹿存亮4','男','1990-01-03','610122199001031456','已婚',1,'陕西',3,'zhao@qq.com','15612347795','陕西省西安市莲湖区',92,12,34,'劳动合同','高中','电子工程','哈尔滨理工大学','2018-01-01','在职','00000034',3.5,NULL,NULL,'2018-01-01','2021-07-14',NULL),(1865,'姚森4','男','1991-02-05','610122199102058952','已婚',1,'河南',3,'yaosen@qq.com','14785559936','河南洛阳人民大道58号',92,15,34,'劳动合同','初中','室内装修设计','西北大学','2017-01-02','在职','00000035',7,NULL,NULL,'2017-01-02','2024-01-17',NULL),(1866,'云星4','女','1993-01-05','610122199301054789','已婚',1,'陕西西安',1,'yunxing@qq.com','15644442252','陕西西安新城区',92,16,34,'劳务合同','硕士','通信工程','西安电子科技学校','2018-01-01','在职','00000036',5.25,NULL,NULL,'2018-01-01','2023-04-13',NULL),(1867,'贾旭明4','男','1993-11-11','610122199311111234','已婚',1,'广东广州',4,'jiaxuming@qq.com','15644441234','广东省广州市天河区冼村路',78,15,33,'劳务合同','初中','通信工程','西北大学','2018-01-01','在职','00000037',5.25,NULL,NULL,'2018-01-01','2023-04-13',NULL),(1868,'张黎明2','男','1991-02-01','610144199102014569','已婚',1,'广东',6,'zhangliming@qq.com','18979994478','广东珠海',91,15,33,'劳动合同','高中','考古','清华大学','2018-01-01','在职','00000038',7,NULL,NULL,'2018-01-01','2025-01-30',NULL),(1869,'薛磊4','男','1992-07-01','610144199207017895','已婚',1,'陕西西安',13,'xuelei@qq.com','15648887741','西安市雁塔区',92,14,34,'劳动合同','初中','无','华胥中学','2018-01-01','在职','00000039',6,NULL,NULL,'2018-01-01','2024-01-17',NULL),(1870,'张洁4','女','1990-10-09','420177199010093652','未婚',1,'海南',5,'zhangjie@qq.com','13695557742','海口市美兰区',92,16,34,'劳动合同','高中','无','海南侨中','2018-01-01','在职','00000040',1,NULL,NULL,'2018-01-01','2019-01-01',NULL),(1871,'江南一点雨5','男','1990-01-01','610122199001011256','已婚',1,'陕西',13,'laowang@qq.com','18565558897','深圳市南山区',8,9,29,'劳动合同','本科','信息管理与信息系统','深圳大学','2018-01-01','在职','00000041',1,NULL,NULL,'2018-01-01','2019-01-01',NULL),(1872,'陈静5','女','1989-02-01','421288198902011234','已婚',1,'海南',1,'chenjing@qq.com','18795556693','海南省海口市美兰区',82,12,30,'劳动合同','高中','市场营销','武汉大学','2015-06-09','在职','00000042',3,NULL,NULL,'2015-06-09','2018-06-08',NULL),(1873,'赵琳浩5','男','1993-03-04','610122199303041456','未婚',1,'陕西',3,'zhao@qq.com','15698887795','陕西省西安市莲湖区',91,12,33,'劳动合同','博士','电子工程','哈尔滨理工大学','2018-01-01','在职','00000043',3.5,NULL,NULL,'2018-01-01','2021-07-14',NULL),(1874,'鹿存亮5','男','1990-01-03','610122199001031456','已婚',1,'陕西',3,'zhao@qq.com','15612347795','陕西省西安市莲湖区',92,12,34,'劳动合同','高中','电子工程','哈尔滨理工大学','2018-01-01','在职','00000044',3.5,NULL,NULL,'2018-01-01','2021-07-14',NULL),(1875,'姚森5','男','1991-02-05','610122199102058952','已婚',1,'河南',3,'yaosen@qq.com','14785559936','河南洛阳人民大道58号',92,15,34,'劳动合同','初中','室内装修设计','西北大学','2017-01-02','在职','00000045',7,NULL,NULL,'2017-01-02','2024-01-17',NULL),(1876,'云星5','女','1993-01-05','610122199301054789','已婚',1,'陕西西安',1,'yunxing@qq.com','15644442252','陕西西安新城区',92,16,34,'劳务合同','硕士','通信工程','西安电子科技学校','2018-01-01','在职','00000046',5.25,NULL,NULL,'2018-01-01','2023-04-13',NULL),(1877,'贾旭明5','男','1993-11-11','610122199311111234','已婚',1,'广东广州',4,'jiaxuming@qq.com','15644441234','广东省广州市天河区冼村路',78,15,33,'劳务合同','初中','通信工程','西北大学','2018-01-01','在职','00000047',5.25,NULL,NULL,'2018-01-01','2023-04-13',NULL),(1878,'张黎明5','男','1991-02-01','610144199102014569','已婚',1,'广东',6,'zhangliming@qq.com','18979994478','广东珠海',91,15,33,'劳动合同','高中','考古','清华大学','2018-01-01','在职','00000048',7,NULL,NULL,'2018-01-01','2025-01-30',NULL),(1879,'薛磊5','男','1992-07-01','610144199207017895','已婚',1,'陕西西安',13,'xuelei@qq.com','15648887741','西安市雁塔区',92,14,34,'劳动合同','初中','无','华胥中学','2018-01-01','在职','00000049',6,NULL,NULL,'2018-01-01','2024-01-17',NULL),(1880,'张洁5','女','1990-10-09','420177199010093652','未婚',1,'海南',5,'zhangjie@qq.com','13695557742','海口市美兰区',92,16,34,'劳动合同','高中','无','海南侨中','2018-01-01','在职','00000050',1,NULL,NULL,'2018-01-01','2019-01-01',NULL),(1881,'江南一点雨6','男','1990-01-01','610122199001011256','已婚',1,'陕西',13,'laowang@qq.com','18565558897','深圳市南山区',8,9,29,'劳动合同','本科','信息管理与信息系统','深圳大学','2018-01-01','在职','00000051',1,NULL,NULL,'2018-01-01','2019-01-01',NULL),(1882,'陈静6','女','1989-02-01','421288198902011234','已婚',1,'海南',1,'chenjing@qq.com','18795556693','海南省海口市美兰区',82,12,30,'劳动合同','高中','市场营销','武汉大学','2015-06-09','在职','00000052',3,NULL,NULL,'2015-06-09','2018-06-08',NULL),(1883,'赵琳浩6','男','1993-03-04','610122199303041456','未婚',1,'陕西',3,'zhao@qq.com','15698887795','陕西省西安市莲湖区',91,12,33,'劳动合同','博士','电子工程','哈尔滨理工大学','2018-01-01','在职','00000053',3.5,NULL,NULL,'2018-01-01','2021-07-14',NULL),(1884,'鹿存亮6','男','1990-01-03','610122199001031456','已婚',1,'陕西',3,'zhao@qq.com','15612347795','陕西省西安市莲湖区',92,12,34,'劳动合同','高中','电子工程','哈尔滨理工大学','2018-01-01','在职','00000054',3.5,NULL,NULL,'2018-01-01','2021-07-14',NULL),(1885,'姚森6','男','1991-02-05','610122199102058952','已婚',1,'河南',3,'yaosen@qq.com','14785559936','河南洛阳人民大道58号',92,15,34,'劳动合同','初中','室内装修设计','西北大学','2017-01-02','在职','00000055',7,NULL,NULL,'2017-01-02','2024-01-17',NULL),(1886,'云星6','女','1993-01-05','610122199301054789','已婚',1,'陕西西安',1,'yunxing@qq.com','15644442252','陕西西安新城区',92,16,34,'劳务合同','硕士','通信工程','西安电子科技学校','2018-01-01','在职','00000056',5.25,NULL,NULL,'2018-01-01','2023-04-13',NULL),(1887,'江南一点雨','男','1990-01-01','610122199001011256','已婚',1,'陕西',13,'laowang@qq.com','18565558897','深圳市南山区',8,9,29,'劳动合同','本科','信息管理与信息系统','深圳大学','2018-01-01','在职','00000001',1,NULL,NULL,'2018-01-01','2019-01-01',NULL),(1888,'陈静','女','1989-02-01','421288198902011234','已婚',1,'海南',1,'chenjing@qq.com','18795556693','海南省海口市美兰区',82,12,30,'劳动合同','高中','市场营销','武汉大学','2015-06-09','在职','00000002',3,NULL,NULL,'2015-06-09','2018-06-08',NULL),(1889,'赵琳浩','男','1993-03-04','610122199303041456','未婚',1,'陕西',3,'zhao@qq.com','15698887795','陕西省西安市莲湖区',91,12,33,'劳动合同','博士','电子工程','哈尔滨理工大学','2018-01-01','在职','00000003',3.5,NULL,NULL,'2018-01-01','2021-07-14',NULL),(1890,'鹿存亮','男','1990-01-03','610122199001031456','已婚',1,'陕西',3,'zhao@qq.com','15612347795','陕西省西安市莲湖区',92,12,34,'劳动合同','高中','电子工程','哈尔滨理工大学','2018-01-01','在职','00000004',3.5,NULL,NULL,'2018-01-01','2021-07-14',NULL),(1891,'姚森','男','1991-02-05','610122199102058952','已婚',1,'河南',3,'yaosen@qq.com','14785559936','河南洛阳人民大道58号',92,15,34,'劳动合同','初中','室内装修设计','西北大学','2017-01-02','在职','00000005',7,NULL,NULL,'2017-01-02','2024-01-17',NULL),(1892,'贾旭明','男','1993-11-11','610122199311111234','已婚',1,'广东广州',4,'jiaxuming@qq.com','15644441234','广东省广州市天河区冼村路',78,15,33,'劳务合同','初中','通信工程','西北大学','2018-01-01','在职','00000007',5.25,NULL,NULL,'2018-01-01','2023-04-13',NULL),(1893,'张黎明','男','1991-02-01','610144199102014569','已婚',1,'广东',6,'zhangliming@qq.com','18979994478','广东珠海',91,15,33,'劳动合同','高中','考古','清华大学','2018-01-01','在职','00000008',7,NULL,NULL,'2018-01-01','2025-01-30',NULL),(1894,'薛磊','男','1992-07-01','610144199207017895','已婚',1,'陕西西安',13,'xuelei@qq.com','15648887741','西安市雁塔区',92,14,34,'劳动合同','初中','无','华胥中学','2018-01-01','在职','00000009',6,NULL,NULL,'2018-01-01','2024-01-17',NULL),(1895,'张洁','女','1990-10-09','420177199010093652','未婚',1,'海南',5,'zhangjie@qq.com','13695557742','海口市美兰区',92,16,34,'劳动合同','高中','无','海南侨中','2018-01-01','在职','00000010',1,NULL,NULL,'2018-01-01','2019-01-01',NULL),(1896,'江南一点雨2','男','1990-01-01','610122199001011256','已婚',1,'陕西',13,'laowang@qq.com','18565558897','深圳市南山区',8,9,29,'劳动合同','本科','信息管理与信息系统','深圳大学','2018-01-01','在职','00000011',1,NULL,NULL,'2018-01-01','2019-01-01',NULL),(1897,'陈静2','女','1989-02-01','421288198902011234','已婚',1,'海南',1,'chenjing@qq.com','18795556693','海南省海口市美兰区',82,12,30,'劳动合同','高中','市场营销','武汉大学','2015-06-09','在职','00000012',3,NULL,NULL,'2015-06-09','2018-06-08',NULL),(1898,'赵琳浩2','男','1993-03-04','610122199303041456','未婚',1,'陕西',3,'zhao@qq.com','15698887795','陕西省西安市莲湖区',91,12,33,'劳动合同','博士','电子工程','哈尔滨理工大学','2018-01-01','在职','00000013',3.5,NULL,NULL,'2018-01-01','2021-07-14',NULL),(1899,'鹿存亮2','男','1990-01-03','610122199001031456','已婚',1,'陕西',3,'zhao@qq.com','15612347795','陕西省西安市莲湖区',92,12,34,'劳动合同','高中','电子工程','哈尔滨理工大学','2018-01-01','在职','00000014',3.5,NULL,NULL,'2018-01-01','2021-07-14',NULL),(1900,'姚森2','男','1991-02-05','610122199102058952','已婚',1,'河南',3,'yaosen@qq.com','14785559936','河南洛阳人民大道58号',92,15,34,'劳动合同','初中','室内装修设计','西北大学','2017-01-02','在职','00000015',7,NULL,NULL,'2017-01-02','2024-01-17',NULL),(1901,'云星2','女','1993-01-05','610122199301054789','已婚',1,'陕西西安',1,'yunxing@qq.com','15644442252','陕西西安新城区',92,16,34,'劳务合同','硕士','通信工程','西安电子科技学校','2018-01-01','在职','00000016',5.25,NULL,NULL,'2018-01-01','2023-04-13',NULL),(1902,'贾旭明2','男','1993-11-11','610122199311111234','已婚',1,'广东广州',4,'jiaxuming@qq.com','15644441234','广东省广州市天河区冼村路',78,15,33,'劳务合同','初中','通信工程','西北大学','2018-01-01','在职','00000017',5.25,NULL,NULL,'2018-01-01','2023-04-13',NULL),(1903,'王一亭','男','1991-02-01','610144199102014569','已婚',1,'广东',6,'zhangliming@qq.com','18979994478','广东珠海',91,15,33,'劳动合同','高中','考古','清华大学','2018-01-01','在职','00000018',7,NULL,NULL,'2018-01-01','2025-01-30',NULL),(1904,'薛磊2','男','1992-07-01','610144199207017895','已婚',1,'陕西西安',13,'xuelei@qq.com','15648887741','西安市雁塔区',92,14,34,'劳动合同','初中','无','华胥中学','2018-01-01','在职','00000019',1,NULL,NULL,'2018-01-01','2019-01-01',NULL),(1905,'张洁2','女','1990-10-09','420177199010093652','未婚',1,'海南',5,'zhangjie@qq.com','13695557742','海口市美兰区',92,16,34,'劳动合同','高中','无','海南侨中','2018-01-01','在职','00000020',1,NULL,NULL,'2018-01-01','2019-01-01',NULL),(1906,'江南一点雨3','男','1990-01-01','610122199001011256','已婚',1,'陕西',13,'laowang@qq.com','18565558897','深圳市南山区',8,9,29,'劳动合同','本科','信息管理与信息系统','深圳大学','2018-01-01','在职','00000021',1,NULL,NULL,'2018-01-01','2019-01-01',NULL),(1907,'陈静3','女','1989-02-01','421288198902011234','已婚',1,'海南',1,'chenjing@qq.com','18795556693','海南省海口市美兰区',82,12,30,'劳动合同','高中','市场营销','武汉大学','2015-06-09','在职','00000022',3,NULL,NULL,'2015-06-09','2018-06-08',NULL),(1908,'鹿存亮3','男','1990-01-03','610122199001031456','已婚',1,'陕西',3,'zhao@qq.com','15612347795','陕西省西安市莲湖区',92,12,34,'劳动合同','高中','电子工程','哈尔滨理工大学','2018-01-01','在职','00000024',3.5,NULL,NULL,'2018-01-01','2021-07-14',NULL),(1909,'姚森3','男','1991-02-05','610122199102058952','已婚',1,'河南',3,'yaosen@qq.com','14785559936','河南洛阳人民大道58号',92,15,34,'劳动合同','初中','室内装修设计','西北大学','2017-01-02','在职','00000025',7,NULL,NULL,'2017-01-02','2024-01-17',NULL),(1910,'云星3','女','1993-01-05','610122199301054789','已婚',1,'陕西西安',1,'yunxing@qq.com','15644442252','陕西西安新城区',92,16,34,'劳务合同','硕士','通信工程','西安电子科技学校','2018-01-01','在职','00000026',5.25,NULL,NULL,'2018-01-01','2023-04-13',NULL),(1911,'贾旭明3','男','1993-11-11','610122199311111234','已婚',1,'广东广州',4,'jiaxuming@qq.com','15644441234','广东省广州市天河区冼村路',78,15,33,'劳务合同','初中','通信工程','西北大学','2018-01-01','在职','00000027',5.25,NULL,NULL,'2018-01-01','2023-04-13',NULL),(1912,'张黎明3','男','1991-02-01','610144199102014569','已婚',1,'广东',6,'zhangliming@qq.com','18979994478','广东珠海',91,15,33,'劳动合同','高中','考古','清华大学','2018-01-01','在职','00000028',7,NULL,NULL,'2018-01-01','2025-01-30',NULL),(1913,'薛磊3','男','1992-07-01','610144199207017895','已婚',1,'陕西西安',13,'xuelei@qq.com','15648887741','西安市雁塔区',92,14,34,'劳动合同','初中','无','华胥中学','2018-01-01','在职','00000029',6,NULL,NULL,'2018-01-01','2024-01-17',NULL),(1914,'江南一点雨4','男','1990-01-01','610122199001011256','已婚',1,'陕西',13,'laowang@qq.com','18565558897','深圳市南山区',8,9,29,'劳动合同','本科','信息管理与信息系统','深圳大学','2018-01-01','在职','00000031',1,NULL,NULL,'2018-01-01','2019-01-01',NULL),(1915,'陈静4','女','1989-02-01','421288198902011234','已婚',1,'海南',1,'chenjing@qq.com','18795556693','海南省海口市美兰区',82,12,30,'劳动合同','高中','市场营销','武汉大学','2015-06-09','在职','00000032',3,NULL,NULL,'2015-06-09','2018-06-08',NULL),(1916,'赵琳浩4','男','1993-03-04','610122199303041456','未婚',1,'陕西',3,'zhao@qq.com','15698887795','陕西省西安市莲湖区',91,12,33,'劳动合同','博士','电子工程','哈尔滨理工大学','2018-01-01','在职','00000033',3.5,NULL,NULL,'2018-01-01','2021-07-14',NULL),(1917,'鹿存亮4','男','1990-01-03','610122199001031456','已婚',1,'陕西',3,'zhao@qq.com','15612347795','陕西省西安市莲湖区',92,12,34,'劳动合同','高中','电子工程','哈尔滨理工大学','2018-01-01','在职','00000034',3.5,NULL,NULL,'2018-01-01','2021-07-14',NULL),(1918,'姚森4','男','1991-02-05','610122199102058952','已婚',1,'河南',3,'yaosen@qq.com','14785559936','河南洛阳人民大道58号',92,15,34,'劳动合同','初中','室内装修设计','西北大学','2017-01-02','在职','00000035',7,NULL,NULL,'2017-01-02','2024-01-17',NULL),(1919,'云星4','女','1993-01-05','610122199301054789','已婚',1,'陕西西安',1,'yunxing@qq.com','15644442252','陕西西安新城区',92,16,34,'劳务合同','硕士','通信工程','西安电子科技学校','2018-01-01','在职','00000036',5.25,NULL,NULL,'2018-01-01','2023-04-13',NULL),(1920,'贾旭明4','男','1993-11-11','610122199311111234','已婚',1,'广东广州',4,'jiaxuming@qq.com','15644441234','广东省广州市天河区冼村路',78,15,33,'劳务合同','初中','通信工程','西北大学','2018-01-01','在职','00000037',5.25,NULL,NULL,'2018-01-01','2023-04-13',NULL),(1921,'谢工','女','1970-01-01','618177197001011234','离异',1,'江苏',1,'584991843@qq.com','18558887788','北京',91,12,29,'劳动合同','本科','计算机软件','南华大学','2018-01-01','在职','00000038',5,NULL,NULL,'2018-01-01','2023-01-01',NULL),(1922,'林昭亮','男','1990-01-01','610122199809091234','已婚',1,'广东',13,'584991843@qq.com','16767776654','广东深圳',91,15,33,'劳动合同','大专','计算机软件','广东职业技术学院','2018-01-01','在职','00000039',5,NULL,NULL,'2018-01-01','2023-01-01',NULL),(1923,'11','男','2018-01-01','610122201801011234','已婚',1,'1',1,'584991843@qq.com','111','1',89,9,29,'劳动合同','本科','1','1','2018-01-01','在职','00000040',4,NULL,NULL,'2018-01-01','2022-01-26',NULL),(1924,'1','男','2018-01-01','610188199809091234','已婚',1,'1',1,'584991843@qq.com','1','1',89,9,29,'劳动合同','大专','1','1','2018-01-31','在职','00000041',1,NULL,NULL,'2018-01-31','2019-01-31',NULL),(1925,'1','男','2018-01-01','610122199909090000','已婚',1,'1',1,'584991843@qq.com','1','1',78,9,29,'劳动合同','大专','1','1','2018-01-31','在职','00000042',1,NULL,NULL,'2018-01-31','2019-01-31',NULL),(1926,'1','男','2018-01-01','610122199909090000','已婚',1,'1',1,'584991843@qq.com','1','1',81,9,29,'劳动合同','大专','1','1','2018-01-31','在职','00000043',0,NULL,NULL,'2018-01-31','2018-01-31',NULL),(1927,'1','男','2018-01-01','610122199909099999','已婚',1,'1',1,'584991843@qq.com','1','1',87,9,29,'劳动合同','大专','1','1','2018-01-01','在职','00000044',0,NULL,NULL,'2018-01-01','2018-01-31',NULL),(1928,'1','男','2018-01-01','610122199909099999','已婚',1,'1',1,'584991843@qq.com','1','1',78,9,29,'劳动合同','大专','1','1','2018-01-01','在职','00000045',0,NULL,NULL,'2018-01-01','2018-01-31',NULL),(1929,'林伯渠','男','2018-01-01','610122199909099999','未婚',1,'1',1,'584991843@qq.com','1','1',8,9,29,'劳动合同','大专','1','1','2018-01-31','在职','00000046',0,NULL,NULL,'2018-01-31','2018-01-31',NULL),(1930,'1','男','2018-01-01','610122199909091234','已婚',1,'1',1,'584991843@qq.com','1','1',8,9,29,'劳动合同','大专','1','1','2018-01-31','在职','00000047',0,NULL,NULL,'2018-01-31','2018-01-31',NULL),(1931,'javaboy','男','1989-12-31','610122199001011256','已婚',1,'陕西',13,'laowang@qq.com','18565558897','深圳市南山区',5,9,29,'劳务合同','本科','信息管理与信息系统','深圳大学','2017-12-31','在职','00000057',2,'2018-03-31',NULL,'2017-12-31','2019-12-31',NULL),(1932,'javaboy','男','1989-12-31','610122199001011256','已婚',1,'陕西',13,'laowang@qq.com','18565558897','深圳市南山区',93,9,29,'劳务合同','本科','信息管理与信息系统','深圳大学','2019-11-05','在职','00000058',2,'2018-03-31',NULL,'2017-12-31','2019-12-31',NULL),(1933,'javaboy','男','1989-12-31','610122199001011256','已婚',1,'',13,'laowang@qq.com','18565558897','深圳市南山区',93,9,29,'劳务合同','本科','信息管理与信息系统','深圳大学','2019-11-05','在职','00000059',2,'2018-03-31',NULL,'2017-12-31','2019-12-31',NULL),(1934,'javaboy','男','1989-12-31','610122199001011256','已婚',1,'陕西',13,'laowan@123.com','18565558897','深圳市南山区',5,9,29,'劳务合同','本科','信息管理与信息系统','深圳大学','2017-12-31','在职','00000060',2,'2018-03-31',NULL,'2017-12-31','2019-12-31',NULL),(1935,'javaboy','男','1989-12-31','610122199001011256','已婚',1,'陕西',13,'laowan@123.com','18565558897','深圳市南山区',5,9,29,'劳务合同','本科','信息管理与信息系统','深圳大学','2017-12-31','在职','00000060',2,'2018-03-31',NULL,'2017-12-31','2019-12-31',NULL),(1936,'javaboy','男','1989-12-31','610122199001011256','已婚',1,'陕西',13,'laowang@qq.com','18565558897','深圳市南山区',91,9,29,'劳务合同','本科','信息管理与信息系统','深圳大学','2017-12-31','在职','00000061',2,'2018-03-31',NULL,'2017-12-31','2019-12-31',NULL),(1937,'javaboy','男','1989-12-31','610122199001011256','已婚',1,'陕西',13,'laowang@qq.com','18565558897','深圳市南山区',91,9,29,'劳务合同','本科','信息管理与信息系统','深圳大学','2017-12-31','在职','00000062',6.17,'2018-03-31',NULL,'2017-12-31','2024-02-29',NULL),(1938,'javaboy666','男','2019-11-10','610122199911111111','已婚',1,'广东',13,'123@qq.com','12345678901','广东深圳',78,9,29,'劳动合同','本科','信管','深圳大学','2019-11-10','在职','00000063',3.25,'2020-02-10',NULL,'2019-11-10','2023-02-22',NULL),(1939,'javaboy666','男','2019-11-10','610122199911111111','已婚',1,'广东',13,'123@qq.com','12345678901','广东深圳',78,9,29,'劳动合同','本科','信管','深圳大学','2019-11-10','在职','00000063',3.25,'2020-02-10',NULL,'2019-11-10','2023-02-22',NULL),(1940,'javaboy','男','2017-11-01','610144199905059999','已婚',1,'广东',13,'584991843@qq.com','18564447789','广东深圳',85,9,29,'劳动合同','本科','信息管理与信息系统','深圳大学','2019-11-24','在职','00000064',3,'2020-01-10',NULL,'2019-11-24','2022-11-27',NULL),(1941,'javaboy','男','2019-11-24','610144199905056666','已婚',1,'广东',13,'584991843@qq.com','18566667777','广东深圳',89,9,29,'劳动合同','本科','计算机科学','深圳大学','2019-11-24','在职','00000065',3,'2020-02-23',NULL,'2019-11-24','2022-11-27',NULL);

/*Table structure for table `employeeec` */

DROP TABLE IF EXISTS `employeeec`;

CREATE TABLE `employeeec` (
  `id` int(11) NOT NULL AUTO_INCREMENT,
  `eid` int(11) DEFAULT NULL COMMENT '员工编号',
  `ecDate` date DEFAULT NULL COMMENT '奖罚日期',
  `ecReason` varchar(255) DEFAULT NULL COMMENT '奖罚原因',
  `ecPoint` int(11) DEFAULT NULL COMMENT '奖罚分',
  `ecType` int(11) DEFAULT NULL COMMENT '奖罚类别，0：奖，1：罚',
  `remark` varchar(255) DEFAULT NULL COMMENT '备注',
  PRIMARY KEY (`id`),
  KEY `pid` (`eid`),
  CONSTRAINT `employeeec_ibfk_1` FOREIGN KEY (`eid`) REFERENCES `employee` (`id`)
) ENGINE=InnoDB DEFAULT CHARSET=utf8;

/*Data for the table `employeeec` */

/*Table structure for table `employeeremove` */

DROP TABLE IF EXISTS `employeeremove`;

CREATE TABLE `employeeremove` (
  `id` int(11) NOT NULL AUTO_INCREMENT,
  `eid` int(11) DEFAULT NULL,
  `afterDepId` int(11) DEFAULT NULL COMMENT '调动后部门',
  `afterJobId` int(11) DEFAULT NULL COMMENT '调动后职位',
  `removeDate` date DEFAULT NULL COMMENT '调动日期',
  `reason` varchar(255) DEFAULT NULL COMMENT '调动原因',
  `remark` varchar(255) DEFAULT NULL,
  PRIMARY KEY (`id`),
  KEY `pid` (`eid`),
  CONSTRAINT `employeeremove_ibfk_1` FOREIGN KEY (`eid`) REFERENCES `employee` (`id`)
) ENGINE=InnoDB DEFAULT CHARSET=utf8;

/*Data for the table `employeeremove` */

/*Table structure for table `employeetrain` */

DROP TABLE IF EXISTS `employeetrain`;

CREATE TABLE `employeetrain` (
  `id` int(11) NOT NULL AUTO_INCREMENT,
  `eid` int(11) DEFAULT NULL COMMENT '员工编号',
  `trainDate` date DEFAULT NULL COMMENT '培训日期',
  `trainContent` varchar(255) DEFAULT NULL COMMENT '培训内容',
  `remark` varchar(255) DEFAULT NULL COMMENT '备注',
  PRIMARY KEY (`id`),
  KEY `pid` (`eid`),
  CONSTRAINT `employeetrain_ibfk_1` FOREIGN KEY (`eid`) REFERENCES `employee` (`id`)
) ENGINE=InnoDB DEFAULT CHARSET=utf8;

/*Data for the table `employeetrain` */

/*Table structure for table `empsalary` */

DROP TABLE IF EXISTS `empsalary`;

CREATE TABLE `empsalary` (
  `id` int(11) NOT NULL AUTO_INCREMENT,
  `eid` int(11) DEFAULT NULL,
  `sid` int(11) DEFAULT NULL,
  PRIMARY KEY (`id`),
  UNIQUE KEY `eid` (`eid`),
  KEY `empsalary_ibfk_2` (`sid`),
  CONSTRAINT `empsalary_ibfk_1` FOREIGN KEY (`eid`) REFERENCES `employee` (`id`),
  CONSTRAINT `empsalary_ibfk_2` FOREIGN KEY (`sid`) REFERENCES `salary` (`id`)
) ENGINE=InnoDB AUTO_INCREMENT=39 DEFAULT CHARSET=utf8;

/*Data for the table `empsalary` */

insert  into `empsalary`(`id`,`eid`,`sid`) values (6,4,10),(10,5,9),(11,6,13),(12,7,13),(14,8,10),(15,9,10),(20,10,13),(21,11,9),(22,3,13),(24,2,9),(25,1,13),(26,33,10),(28,34,9),(29,44,10),(30,45,10),(31,43,10),(32,47,10),(33,52,13),(34,53,10),(35,54,10),(36,56,10),(38,21,9);

/*Table structure for table `hr` */

DROP TABLE IF EXISTS `hr`;

CREATE TABLE `hr` (
  `id` int(11) NOT NULL AUTO_INCREMENT COMMENT 'hrID',
  `name` varchar(32) DEFAULT NULL COMMENT '姓名',
  `phone` char(11) DEFAULT NULL COMMENT '手机号码',
  `telephone` varchar(16) DEFAULT NULL COMMENT '住宅电话',
  `address` varchar(64) DEFAULT NULL COMMENT '联系地址',
  `enabled` tinyint(1) DEFAULT '1',
  `username` varchar(255) DEFAULT NULL COMMENT '用户名',
  `password` varchar(255) DEFAULT NULL COMMENT '密码',
  `userface` varchar(255) DEFAULT NULL,
  `remark` varchar(255) DEFAULT NULL,
  PRIMARY KEY (`id`)
) ENGINE=InnoDB AUTO_INCREMENT=13 DEFAULT CHARSET=utf8;

/*Data for the table `hr` */

insert  into `hr`(`id`,`name`,`phone`,`telephone`,`address`,`enabled`,`username`,`password`,`userface`,`remark`) values (3,'系统管理员','18568887789','029-82881234','深圳南山',1,'admin','$2a$10$ySG2lkvjFHY5O0./CPIE1OI8VJsuKYEzOYzqIa7AJR6sEgSzUFOAm','http://bpic.588ku.com/element_pic/01/40/00/64573ce2edc0728.jpg',NULL),(5,'李白','18568123489','029-82123434','海口美兰',1,'libai','$2a$10$oE39aG10kB/rFu2vQeCJTu/V/v4n6DRR0f8WyXRiAYvBpmadoOBE.','https://timgsa.baidu.com/timg?image&quality=80&size=b9999_10000&sec=1514093920321&di=913e88c23f382933ef430024afd9128a&imgtype=0&src=http%3A%2F%2Fp.3761.com%2Fpic%2F9771429316733.jpg',NULL),(10,'韩愈','18568123666','029-82111555','广州番禺',1,'hanyu','$2a$10$oE39aG10kB/rFu2vQeCJTu/V/v4n6DRR0f8WyXRiAYvBpmadoOBE.','https://timgsa.baidu.com/timg?image&quality=80&size=b9999_10000&sec=1517070040185&di=be0375e0c3db6c311b837b28c208f318&imgtype=0&src=http%3A%2F%2Fimg2.soyoung.com%2Fpost%2F20150213%2F6%2F20150213141918532.jpg',NULL),(11,'柳宗元','18568123377','029-82111333','广州天河',1,'liuzongyuan','$2a$10$oE39aG10kB/rFu2vQeCJTu/V/v4n6DRR0f8WyXRiAYvBpmadoOBE.','https://timgsa.baidu.com/timg?image&quality=80&size=b9999_10000&sec=1515233756&di=0856d923a0a37a87fd26604a2c871370&imgtype=jpg&er=1&src=http%3A%2F%2Fwww.qqzhi.com%2Fuploadpic%2F2014-09-27%2F041716704.jpg',NULL),(12,'曾巩','18568128888','029-82111222','广州越秀',1,'zenggong','$2a$10$oE39aG10kB/rFu2vQeCJTu/V/v4n6DRR0f8WyXRiAYvBpmadoOBE.','https://timgsa.baidu.com/timg?image&quality=80&size=b9999_10000&sec=1517070040185&di=be0375e0c3db6c311b837b28c208f318&imgtype=0&src=http%3A%2F%2Fimg2.soyoung.com%2Fpost%2F20150213%2F6%2F20150213141918532.jpg',NULL);

/*Table structure for table `hr_role` */

DROP TABLE IF EXISTS `hr_role`;

CREATE TABLE `hr_role` (
  `id` int(11) NOT NULL AUTO_INCREMENT,
  `hrid` int(11) DEFAULT NULL,
  `rid` int(11) DEFAULT NULL,
  PRIMARY KEY (`id`),
  KEY `rid` (`rid`),
  KEY `hr_role_ibfk_1` (`hrid`),
  CONSTRAINT `hr_role_ibfk_1` FOREIGN KEY (`hrid`) REFERENCES `hr` (`id`) ON DELETE CASCADE,
  CONSTRAINT `hr_role_ibfk_2` FOREIGN KEY (`rid`) REFERENCES `role` (`id`)
) ENGINE=InnoDB AUTO_INCREMENT=75 DEFAULT CHARSET=utf8;

/*Data for the table `hr_role` */

insert  into `hr_role`(`id`,`hrid`,`rid`) values (1,3,6),(35,12,4),(36,12,3),(37,12,2),(43,11,3),(44,11,2),(45,11,4),(46,11,5),(48,10,3),(49,10,4),(72,5,1),(73,5,2),(74,5,3);

/*Table structure for table `joblevel` */

DROP TABLE IF EXISTS `joblevel`;

CREATE TABLE `joblevel` (
  `id` int(11) NOT NULL AUTO_INCREMENT,
  `name` varchar(32) DEFAULT NULL COMMENT '职称名称',
  `titleLevel` enum('正高级','副高级','中级','初级','员级') DEFAULT NULL,
  `createDate` timestamp NULL DEFAULT CURRENT_TIMESTAMP,
  `enabled` tinyint(1) DEFAULT '1',
  PRIMARY KEY (`id`)
) ENGINE=InnoDB AUTO_INCREMENT=18 DEFAULT CHARSET=utf8;

/*Data for the table `joblevel` */

insert  into `joblevel`(`id`,`name`,`titleLevel`,`createDate`,`enabled`) values (9,'教授','正高级','2018-01-11 00:00:00',1),(10,'副教授','副高级','2018-01-11 21:19:20',1),(12,'助教','初级','2018-01-11 21:35:39',1),(13,'讲师','中级','2018-01-11 00:00:00',0),(14,'初级工程师','初级','2018-01-14 00:00:00',1),(15,'中级工程师66','中级','2018-01-14 00:00:00',1),(16,'高级工程师','副高级','2018-01-14 16:19:14',1),(17,'骨灰级工程师','正高级','2018-01-14 16:19:24',1);

/*Table structure for table `menu` */

DROP TABLE IF EXISTS `menu`;

CREATE TABLE `menu` (
  `id` int(11) NOT NULL AUTO_INCREMENT,
  `url` varchar(64) DEFAULT NULL,
  `path` varchar(64) DEFAULT NULL,
  `component` varchar(64) DEFAULT NULL,
  `name` varchar(64) DEFAULT NULL,
  `iconCls` varchar(64) DEFAULT NULL,
  `keepAlive` tinyint(1) DEFAULT NULL,
  `requireAuth` tinyint(1) DEFAULT NULL,
  `parentId` int(11) DEFAULT NULL,
  `enabled` tinyint(1) DEFAULT '1',
  PRIMARY KEY (`id`),
  KEY `parentId` (`parentId`),
  CONSTRAINT `menu_ibfk_1` FOREIGN KEY (`parentId`) REFERENCES `menu` (`id`)
) ENGINE=InnoDB AUTO_INCREMENT=29 DEFAULT CHARSET=utf8;

/*Data for the table `menu` */

insert  into `menu`(`id`,`url`,`path`,`component`,`name`,`iconCls`,`keepAlive`,`requireAuth`,`parentId`,`enabled`) values (1,'/',NULL,NULL,'所有',NULL,NULL,NULL,NULL,1),(2,'/','/home','Home','员工资料','fa fa-user-circle-o',NULL,1,1,1),(3,'/','/home','Home','人事管理','fa fa-address-card-o',NULL,1,1,1),(4,'/','/home','Home','薪资管理','fa fa-money',NULL,1,1,1),(5,'/','/home','Home','统计管理','fa fa-bar-chart',NULL,1,1,1),(6,'/','/home','Home','系统管理','fa fa-windows',NULL,1,1,1),(7,'/employee/basic/**','/emp/basic','EmpBasic','基本资料',NULL,NULL,1,2,1),(8,'/employee/advanced/**','/emp/adv','EmpAdv','高级资料',NULL,NULL,1,2,1),(9,'/personnel/emp/**','/per/emp','PerEmp','员工资料',NULL,NULL,1,3,1),(10,'/personnel/ec/**','/per/ec','PerEc','员工奖惩',NULL,NULL,1,3,1),(11,'/personnel/train/**','/per/train','PerTrain','员工培训',NULL,NULL,1,3,1),(12,'/personnel/salary/**','/per/salary','PerSalary','员工调薪',NULL,NULL,1,3,1),(13,'/personnel/remove/**','/per/mv','PerMv','员工调动',NULL,NULL,1,3,1),(14,'/salary/sob/**','/sal/sob','SalSob','工资账套管理',NULL,NULL,1,4,1),(15,'/salary/sobcfg/**','/sal/sobcfg','SalSobCfg','员工账套设置',NULL,NULL,1,4,1),(16,'/salary/table/**','/sal/table','SalTable','工资表管理',NULL,NULL,1,4,1),(17,'/salary/month/**','/sal/month','SalMonth','月末处理',NULL,NULL,1,4,1),(18,'/salary/search/**','/sal/search','SalSearch','工资表查询',NULL,NULL,1,4,1),(19,'/statistics/all/**','/sta/all','StaAll','综合信息统计',NULL,NULL,1,5,1),(20,'/statistics/score/**','/sta/score','StaScore','员工积分统计',NULL,NULL,1,5,1),(21,'/statistics/personnel/**','/sta/pers','StaPers','人事信息统计',NULL,NULL,1,5,1),(22,'/statistics/recored/**','/sta/record','StaRecord','人事记录统计',NULL,NULL,1,5,1),(23,'/system/basic/**','/sys/basic','SysBasic','基础信息设置',NULL,NULL,1,6,1),(24,'/system/cfg/**','/sys/cfg','SysCfg','系统管理',NULL,NULL,1,6,1),(25,'/system/log/**','/sys/log','SysLog','操作日志管理',NULL,NULL,1,6,1),(26,'/system/hr/**','/sys/hr','SysHr','操作员管理',NULL,NULL,1,6,1),(27,'/system/data/**','/sys/data','SysData','备份恢复数据库',NULL,NULL,1,6,1),(28,'/system/init/**','/sys/init','SysInit','初始化数据库',NULL,NULL,1,6,1);

/*Table structure for table `menu_role` */

DROP TABLE IF EXISTS `menu_role`;

CREATE TABLE `menu_role` (
  `id` int(11) NOT NULL AUTO_INCREMENT,
  `mid` int(11) DEFAULT NULL,
  `rid` int(11) DEFAULT NULL,
  PRIMARY KEY (`id`),
  KEY `mid` (`mid`),
  KEY `rid` (`rid`),
  CONSTRAINT `menu_role_ibfk_1` FOREIGN KEY (`mid`) REFERENCES `menu` (`id`),
  CONSTRAINT `menu_role_ibfk_2` FOREIGN KEY (`rid`) REFERENCES `role` (`id`)
) ENGINE=InnoDB AUTO_INCREMENT=283 DEFAULT CHARSET=utf8;

/*Data for the table `menu_role` */

insert  into `menu_role`(`id`,`mid`,`rid`) values (161,7,3),(162,7,6),(163,9,6),(164,10,6),(165,11,6),(166,12,6),(167,13,6),(168,14,6),(169,15,6),(170,16,6),(171,17,6),(172,18,6),(173,19,6),(174,20,6),(175,21,6),(176,22,6),(177,23,6),(178,25,6),(179,26,6),(180,27,6),(181,28,6),(182,24,6),(247,7,4),(248,8,4),(249,11,4),(250,7,2),(251,8,2),(252,9,2),(253,10,2),(254,12,2),(255,13,2),(256,7,1),(257,8,1),(258,9,1),(259,10,1),(260,11,1),(261,12,1),(262,13,1),(263,14,1),(264,15,1),(265,16,1),(266,17,1),(267,18,1),(268,19,1),(269,20,1),(270,21,1),(271,22,1),(272,23,1),(273,24,1),(274,25,1),(275,26,1),(276,27,1),(277,28,1),(280,7,14),(281,8,14),(282,9,14);

/*Table structure for table `msgcontent` */

DROP TABLE IF EXISTS `msgcontent`;

CREATE TABLE `msgcontent` (
  `id` int(11) NOT NULL AUTO_INCREMENT,
  `title` varchar(64) DEFAULT NULL,
  `message` varchar(255) DEFAULT NULL,
  `createDate` timestamp NOT NULL DEFAULT CURRENT_TIMESTAMP,
  PRIMARY KEY (`id`)
) ENGINE=InnoDB AUTO_INCREMENT=19 DEFAULT CHARSET=utf8;

/*Data for the table `msgcontent` */

insert  into `msgcontent`(`id`,`title`,`message`,`createDate`) values (14,'2222222222','11111111111111111','2018-02-02 20:46:19'),(15,'22222222','3333333333333333333333','2018-02-02 21:45:57'),(16,'通知标题1','通知内容1','2018-02-03 11:41:39'),(17,'通知标题2','通知内容2','2018-02-03 11:52:37'),(18,'通知标题3','通知内容3','2018-02-03 12:19:41');

/*Table structure for table `nation` */

DROP TABLE IF EXISTS `nation`;

CREATE TABLE `nation` (
  `id` int(11) NOT NULL AUTO_INCREMENT,
  `name` varchar(32) DEFAULT NULL,
  PRIMARY KEY (`id`)
) ENGINE=InnoDB AUTO_INCREMENT=57 DEFAULT CHARSET=utf8;

/*Data for the table `nation` */

insert  into `nation`(`id`,`name`) values (1,'汉族'),(2,'蒙古族'),(3,'回族'),(4,'藏族'),(5,'维吾尔族'),(6,'苗族'),(7,'彝族'),(8,'壮族'),(9,'布依族'),(10,'朝鲜族'),(11,'满族'),(12,'侗族'),(13,'瑶族'),(14,'白族'),(15,'土家族'),(16,'哈尼族'),(17,'哈萨克族'),(18,'傣族'),(19,'黎族'),(20,'傈僳族'),(21,'佤族'),(22,'畲族'),(23,'高山族'),(24,'拉祜族'),(25,'水族'),(26,'东乡族'),(27,'纳西族'),(28,'景颇族'),(29,'柯尔克孜族'),(30,'土族'),(31,'达斡尔族'),(32,'仫佬族'),(33,'羌族'),(34,'布朗族'),(35,'撒拉族'),(36,'毛难族'),(37,'仡佬族'),(38,'锡伯族'),(39,'阿昌族'),(40,'普米族'),(41,'塔吉克族'),(42,'怒族'),(43,'乌孜别克族'),(44,'俄罗斯族'),(45,'鄂温克族'),(46,'崩龙族'),(47,'保安族'),(48,'裕固族'),(49,'京族'),(50,'塔塔尔族'),(51,'独龙族'),(52,'鄂伦春族'),(53,'赫哲族'),(54,'门巴族'),(55,'珞巴族'),(56,'基诺族');

/*Table structure for table `oplog` */

DROP TABLE IF EXISTS `oplog`;

CREATE TABLE `oplog` (
  `id` int(11) NOT NULL AUTO_INCREMENT,
  `addDate` date DEFAULT NULL COMMENT '添加日期',
  `operate` varchar(255) DEFAULT NULL COMMENT '操作内容',
  `hrid` int(11) DEFAULT NULL COMMENT '操作员ID',
  PRIMARY KEY (`id`),
  KEY `hrid` (`hrid`),
  CONSTRAINT `oplog_ibfk_1` FOREIGN KEY (`hrid`) REFERENCES `hr` (`id`)
) ENGINE=InnoDB DEFAULT CHARSET=utf8;

/*Data for the table `oplog` */

/*Table structure for table `politicsstatus` */

DROP TABLE IF EXISTS `politicsstatus`;

CREATE TABLE `politicsstatus` (
  `id` int(11) NOT NULL AUTO_INCREMENT,
  `name` varchar(32) DEFAULT NULL,
  PRIMARY KEY (`id`)
) ENGINE=InnoDB AUTO_INCREMENT=14 DEFAULT CHARSET=utf8;

/*Data for the table `politicsstatus` */

insert  into `politicsstatus`(`id`,`name`) values (1,'中共党员'),(2,'中共预备党员'),(3,'共青团员'),(4,'民革党员'),(5,'民盟盟员'),(6,'民建会员'),(7,'民进会员'),(8,'农工党党员'),(9,'致公党党员'),(10,'九三学社社员'),(11,'台盟盟员'),(12,'无党派民主人士'),(13,'普通公民');

/*Table structure for table `position` */

DROP TABLE IF EXISTS `position`;

CREATE TABLE `position` (
  `id` int(11) NOT NULL AUTO_INCREMENT,
  `name` varchar(32) DEFAULT NULL COMMENT '职位',
  `createDate` timestamp NULL DEFAULT CURRENT_TIMESTAMP,
  `enabled` tinyint(1) DEFAULT '1',
  PRIMARY KEY (`id`),
  UNIQUE KEY `name` (`name`)
) ENGINE=InnoDB AUTO_INCREMENT=37 DEFAULT CHARSET=utf8;

/*Data for the table `position` */

insert  into `position`(`id`,`name`,`createDate`,`enabled`) values (29,'技术总监','2018-01-11 21:13:42',1),(30,'运营总监','2018-01-11 21:13:48',1),(31,'市场总监','2018-01-11 00:00:00',1),(33,'研发工程师','2018-01-14 00:00:00',0),(34,'运维工程师','2018-01-14 16:11:41',1),(36,'Java研发经理','2019-10-01 00:00:00',1);

/*Table structure for table `role` */

DROP TABLE IF EXISTS `role`;

CREATE TABLE `role` (
  `id` int(11) NOT NULL AUTO_INCREMENT,
  `name` varchar(64) DEFAULT NULL,
  `nameZh` varchar(64) DEFAULT NULL COMMENT '角色名称',
  PRIMARY KEY (`id`)
) ENGINE=InnoDB AUTO_INCREMENT=22 DEFAULT CHARSET=utf8;

/*Data for the table `role` */

insert  into `role`(`id`,`name`,`nameZh`) values (1,'ROLE_manager','部门经理'),(2,'ROLE_personnel','人事专员'),(3,'ROLE_recruiter','招聘主管'),(4,'ROLE_train','培训主管'),(5,'ROLE_performance','薪酬绩效主管'),(6,'ROLE_admin','系统管理员'),(13,'ROLE_test2','测试角色2'),(14,'ROLE_test1','测试角色1'),(17,'ROLE_test3','测试角色3'),(18,'ROLE_test4','测试角色4'),(19,'ROLE_test4','测试角色4'),(20,'ROLE_test5','测试角色5'),(21,'ROLE_test6','测试角色6');

/*Table structure for table `salary` */

DROP TABLE IF EXISTS `salary`;

CREATE TABLE `salary` (
  `id` int(11) NOT NULL AUTO_INCREMENT,
  `basicSalary` int(11) DEFAULT NULL COMMENT '基本工资',
  `bonus` int(11) DEFAULT NULL COMMENT '奖金',
  `lunchSalary` int(11) DEFAULT NULL COMMENT '午餐补助',
  `trafficSalary` int(11) DEFAULT NULL COMMENT '交通补助',
  `allSalary` int(11) DEFAULT NULL COMMENT '应发工资',
  `pensionBase` int(11) DEFAULT NULL COMMENT '养老金基数',
  `pensionPer` float DEFAULT NULL COMMENT '养老金比率',
  `createDate` timestamp NULL DEFAULT NULL COMMENT '启用时间',
  `medicalBase` int(11) DEFAULT NULL COMMENT '医疗基数',
  `medicalPer` float DEFAULT NULL COMMENT '医疗保险比率',
  `accumulationFundBase` int(11) DEFAULT NULL COMMENT '公积金基数',
  `accumulationFundPer` float DEFAULT NULL COMMENT '公积金比率',
  `name` varchar(32) DEFAULT NULL,
  PRIMARY KEY (`id`)
) ENGINE=InnoDB AUTO_INCREMENT=16 DEFAULT CHARSET=utf8;

/*Data for the table `salary` */

insert  into `salary`(`id`,`basicSalary`,`bonus`,`lunchSalary`,`trafficSalary`,`allSalary`,`pensionBase`,`pensionPer`,`createDate`,`medicalBase`,`medicalPer`,`accumulationFundBase`,`accumulationFundPer`,`name`) values (9,9000,4000,800,500,NULL,2000,0.07,'2018-01-24 00:00:00',2000,0.07,2000,0.07,'市场部工资账套'),(10,2000,2000,400,1000,NULL,2000,0.07,'2018-01-01 00:00:00',2000,0.07,2000,0.07,'人事部工资账套'),(13,20000,3000,500,500,NULL,4000,0.07,'2018-01-25 00:00:00',4000,0.07,4000,0.07,'运维部工资账套');

/*Table structure for table `sysmsg` */

DROP TABLE IF EXISTS `sysmsg`;

CREATE TABLE `sysmsg` (
  `id` int(11) NOT NULL AUTO_INCREMENT,
  `mid` int(11) DEFAULT NULL COMMENT '消息id',
  `type` int(11) DEFAULT '0' COMMENT '0表示群发消息',
  `hrid` int(11) DEFAULT NULL COMMENT '这条消息是给谁的',
  `state` int(11) DEFAULT '0' COMMENT '0 未读 1 已读',
  PRIMARY KEY (`id`),
  KEY `hrid` (`hrid`),
  KEY `sysmsg_ibfk_1` (`mid`),
  CONSTRAINT `sysmsg_ibfk_1` FOREIGN KEY (`mid`) REFERENCES `msgcontent` (`id`),
  CONSTRAINT `sysmsg_ibfk_2` FOREIGN KEY (`hrid`) REFERENCES `hr` (`id`)
) ENGINE=InnoDB AUTO_INCREMENT=82 DEFAULT CHARSET=utf8;

DROP TABLE IF EXISTS `filet`;
CREATE TABLE  `filet`  (
  `id` varchar(255) NOT NULL  COMMENT '主键',
  `md5` varchar(255) NULL COMMENT '加密',
  `fileName` varchar(255) NULL,
  `fileSize` varchar(255) NULL,
  PRIMARY KEY (`id`)
);
/*Data for the table `sysmsg` */

insert  into `sysmsg`(`id`,`mid`,`type`,`hrid`,`state`) values (57,14,0,3,1),(58,14,0,5,1),(59,14,0,10,1),(60,14,0,11,0),(61,14,0,12,0),(62,15,0,3,1),(63,15,0,5,1),(64,15,0,10,1),(65,15,0,11,0),(66,15,0,12,0),(67,16,0,3,1),(68,16,0,5,1),(69,16,0,10,1),(70,16,0,11,0),(71,16,0,12,0),(72,17,0,3,1),(73,17,0,5,1),(74,17,0,10,1),(75,17,0,11,0),(76,17,0,12,0),(77,18,0,3,1),(78,18,0,5,0),(79,18,0,10,0),(80,18,0,11,0),(81,18,0,12,0);

/* Procedure structure for procedure `addDep` */

/*!50003 DROP PROCEDURE IF EXISTS  `addDep` */;

DELIMITER $$

/*!50003 CREATE DEFINER=`root`@`localhost` PROCEDURE `addDep`(in depName varchar(32),in parentId int,in enabled boolean,out result int,out result2 int)
begin
  declare did int;
  declare pDepPath varchar(64);
  insert into department set name=depName,parentId=parentId,enabled=enabled;
  select row_count() into result;
  select last_insert_id() into did;
  set result2=did;
  select depPath into pDepPath from department where id=parentId;
  update department set depPath=concat(pDepPath,'.',did) where id=did;
  update department set isParent=true where id=parentId;
end */$$
DELIMITER ;

/* Procedure structure for procedure `deleteDep` */

/*!50003 DROP PROCEDURE IF EXISTS  `deleteDep` */;

DELIMITER $$

/*!50003 CREATE DEFINER=`root`@`localhost` PROCEDURE `deleteDep`(in did int,out result int)
begin
  declare ecount int;
  declare pid int;
  declare pcount int;
  declare a int;
  select count(*) into a from department where id=did and isParent=false;
  if a=0 then set result=-2;
  else
  select count(*) into ecount from employee where departmentId=did;
  if ecount>0 then set result=-1;
  else
  select parentId into pid from department where id=did;
  delete from department where id=did and isParent=false;
  select row_count() into result;
  select count(*) into pcount from department where parentId=pid;
  if pcount=0 then update department set isParent=false where id=pid;
  end if;
  end if;
  end if;
end */$$
DELIMITER ;

/*!40101 SET SQL_MODE=@OLD_SQL_MODE */;
/*!40014 SET FOREIGN_KEY_CHECKS=@OLD_FOREIGN_KEY_CHECKS */;
/*!40014 SET UNIQUE_CHECKS=@OLD_UNIQUE_CHECKS */;
/*!40111 SET SQL_NOTES=@OLD_SQL_NOTES */;
